image_name,conditional_image_captioning,unconditional_image_captioning
"['cat1_img41', 'jpeg']",a photography of a coat rack,a room with a bunch of coats hanging on the wall
"['cat1_img57', 'jpeg']",a photography of a woman wearing headphones on a train,a woman sitting on a train looking at her laptop
"['cat1_img94', 'jpeg']",a photography of a bedroom with a bed and a rug,a bed with white sheets and pillows on it
"['cat1_img82', 'jpeg']",a photography of a person using a gps device,a person using a gps device in the car
"['cat1_img1', 'jpeg']",a photography of a cup of tea and a book,a cup of tea and a book on a couch
"['cat1_img64', 'jpg']","a photography of a camera, a camera and other equipment","a camera, a camera lens and other accessories"
"['cat1_img20', 'jpeg']",a photography of a sewing machine,a sewing machine sitting on top of a table
"['cat1_img98', 'jpeg']",a photography of a garden table with gardening tools,a table with gardening tools and plants
"['cat1_img77', 'jpeg']",a photography of a woman in yellow raincoats and black boots with her dog,a woman in yellow raincoat and boots with her dog
"['cat1_img61', 'jpeg']",a photography of a woman's hand reaching out of a car window in the snow,a person's hand reaches out from the hood of a car covered in snow
"['cat1_img36', 'jpeg']",a photography of a couple sitting on a mountain,a person sitting on top of a mountain
"['cat1_img37', 'jpeg']",a photography of a photo album with a pen and a pen,a pile of polaroids and polar polar polar polar polar polar polar polar polar polar polar polar polar
"['cat1_img49', 'jpg']","a photography of a pen, ink and a candle",a pen and ink on a piece of paper
"['cat1_img99', 'jpeg']",a photography of a person making a puzzle,a person is making a puzzle
"['cat1_img76', 'jpeg']",a photography of a tree with a blanket wrapped around it,a blanket is tied to a tree in the middle of a field
"['cat1_img21', 'jpeg']",a photography of a table set for a dinner,a table with a candle and plates of food
"['cat1_img60', 'jpg']",a photography of a picnic table on the shore of lake champal,picnic table at the lake
"['cat1_img62', 'jpg']",a photography of a desk with a computer and a stel,a black strap on a desk
"['cat1_img83', 'jpeg']",a photography of a game of chess with a cup of tea and a game of chess,a game board with a cup of tea and carrots on it
"['cat1_img100', 'jpeg']",a photography of a puppy playing with a toy,a small dog is walking in the grass
"['cat1_img95', 'jpeg']",a photography of a perfume bottle with a candle and a glass,a bottle of perfume sitting on a table
"['cat1_img56', 'jpeg']",a photography of a flower arrangement,a photo album with flowers and photos
"['cat1_img63', 'jpg']",a photography of two candles,three candles are lit in the dark
"['cat1_img40', 'jpeg']",a photography of a woman wrapping a christmas present,a woman wrapping a christmas present on a table
"['cat1_img10', 'jpg']",a photography of a person holding a book in their hands,hands in blue gloves holding open book
"['cat1_img26', 'jpeg']",a photography of a ukulei ukulei ukulei ukulei ukulei,a ukule ukule ukule ukule ukule ukule ukule ukule ukule
"['cat1_img71', 'jpeg']",a photography of two pink teddy bears,two stuffed animals sitting on top of a bed
"['cat1_img88', 'jpeg']",a photography of a room with a fan and a table with a radio,a room with a fan and some old furniture
"['cat1_img67', 'jpeg']",a photography of a man filming a video,a man is filming a movie on a trip
"['cat1_img30', 'jpeg']",a photography of a basket of yarn and knitting needles,a basket with yarn and knitting needles on a table
"['cat1_img47', 'jpeg']",a photography of a teddy bear on top of a red volkswagen beetle,a teddy bear sitting on top of a car
"['cat1_img9', 'jpg']",a photography of a bedside with a lamp and a plant,a lamp on a nightstand next to a bed
"['cat1_img92', 'jpeg']",a photography of a woman cooking a bowl of food,a woman is cooking a bowl with a spoon
"['cat1_img8', 'jpg']",a photography of a beach scene,summer beach background with palm leaves and sun hat
"['cat1_img84', 'jpeg']",a photography of a clothes rack with clothes on it,a clothes rack with clothes and a shirt on it
"['cat1_img7', 'jpeg']",a photography of clothes hanging on a clothesline,clothes hanging on a clothes line outside a house
"['cat1_img16', 'jpg']",a photography of a backpack on a tree stump,a backpack sitting on a tree stump in the woods
"['cat1_img85', 'jpeg']",a photography of a book with a magnite,a person holding a magni in their hand
"['cat1_img6', 'jpeg']",a photography of a man laying on the grass,a man laying on the grass
"['cat1_img93', 'jpeg']",a photography of a bathroom with a red shutter shutter,a bathroom with a sink and red shutters
"['cat1_img11', 'jpeg']",a photography of a book and a pen on a blanket,a book and a pen on a blanket
"['cat1_img17', 'jpg']",a photography of a cup of coffee on a stack of books,a cup of coffee sits on a stack of books
"['cat1_img46', 'jpeg']",a photography of a woman packing clothes in a suitcase,a woman sitting on the floor with her luggage
"['cat1_img31', 'jpeg']",a photography of a woman painting on a table,a person is painting on a table
"['cat1_img15', 'jpg']",a photography of a book and lamp,an open book on a table with a lamp
"['cat1_img89', 'jpeg']",a photography of a chalkboard with a chalkboard written on it,a blackboard with a chalk board on it
"['cat1_img66', 'jpeg']",a photography of a broom and a chair,a broom and a chair in an old room
"['cat1_img70', 'jpeg']",a photography of a boy reading a newspaper,a man reading a newspaper while sitting on a chair
"['cat1_img27', 'jpeg']",a photography of a camera on a table in front of a window overlooking the city of tokyo,a robot sitting on top of a building
"['cat1_img32', 'jpeg']",a photography of a table with a candle and a mirror,a table with a candle and a mirror
"['cat1_img65', 'jpeg']",a photography of a telephone,a telephone sitting on a table next to a wall
"['cat1_img73', 'jpeg']",a photography of a sewing studio,a sewing machine and a manne on a table
"['cat1_img24', 'jpeg']",a photography of a book held in a tree,a person holding a book in their hand
"['cat1_img69', 'jpeg']",a photography of a person holding a jar of food,a person holding a jar of food with a bag of vegetables
"['cat1_img86', 'jpeg']",a photography of a door handle,a door handle on a door
"['cat1_img90', 'jpeg']",a photography of a paintbrush in a glass with paintbrushs,a glass filled with paint and brushes
"['cat1_img28', 'jpeg']",a photography of a person playing a guitar,a person playing an electric guitar on a piano
"['cat1_img12', 'jpeg']",a photography of a kitchen with a bowl of pasta and a wooden spoon,a bowl of food on a counter in a kitchen
"['cat1_img45', 'jpeg']",a photography of a woman painting,a woman painting on a canvas
"['cat1_img44', 'jpeg']",a photography of a perfume bottle and flowers,a bottle of perfume sitting on top of a table
"['cat1_img13', 'jpeg']",a photography of three girls sitting on a couch,three girls sitting on a couch with remotes
"['cat1_img5', 'jpg']",a photography of a child playing with toys,a child playing with toys on the floor
"['cat1_img29', 'jpeg']","a photography of a map, compass, compass, and other items","a map, compass, and other items on a table"
"['cat1_img4', 'jpg']",a photography of a man's hand on a smart watch,a man driving a car with his hand on the steering
"['cat1_img91', 'jpeg']",a photography of a vinyl record player's turn,a turnable turnable turnable turnable turnable turnable turnable turnable turnable
"['cat1_img68', 'jpeg']",a photography of a person holding a bag of fruit,a person holding a bag with fruit inside
"['cat1_img87', 'jpeg']",a photography of rain on a window,a view of a street through a window
"['cat1_img48', 'jpeg']",a photography of a teacup and a book on a table,a table with a tea cup and a book
"['cat1_img25', 'jpeg']",a photography of a dark room with a door open,a room with a door and a window
"['cat1_img72', 'jpeg']",a photography of a green bowl full of dirty laundry,a green bowl filled with dirty laundry
"['cat1_img33', 'jpeg']",a photography of a person writing on a tablet,a person is writing on a paper while sitting at a desk
"['cat1_img38', 'jpeg']",a photography of a cutting board with fresh herbs and garlic,a cutting board with chopped herbs and garlic
"['cat1_img52', 'jpg']",a photography of books on a shelf,books on a shelf with a white sculpture
"['cat1_img3', 'jpeg']","a photography of a desk with a laptop, a notebook, a pen, a pen and a","a desk with a laptop, a phone and other items"
"['cat1_img80', 'jpeg']",a photography of a man playing darts,a man is playing darts on a dart
"['cat1_img79', 'jpeg']",a photography of a bottle on the beach,a bottle on the beach with a message
"['cat1_img96', 'jpeg']",a photography of a woman looking through a telescope,a woman looking through a telescope
"['cat1_img55', 'jpeg']",a photography of a cat and sunflowers,a cat laying on a window sie next to a vase of sunflowers
"['cat1_img14', 'jpeg']",a photography of candles in a church,candles in a church
"['cat1_img53', 'jpg']",a photography of a hand holding a pair of orange dumbs,a person holding a pair of orange dumbs
"['cat1_img43', 'jpeg']",a photography of a flower pot and gardening tools,a pot of plants and gardening tools on the ground
"['cat1_img34', 'jpeg']",a photography of a cook preparing food in a restaurant kitchen,a person cooking food in a kitchen
"['cat1_img51', 'jpg']",a photography of a cup of hot chocolate with a snowman cookie on top,a cup of hot chocolate with a snowman on top
"['cat1_img75', 'jpeg']",a photography of a pair of earrings,black and white earrings with pink beads
"['cat1_img22', 'jpeg']",a photography of a cat sitting on a chair,a black cat sitting on a chair in a window
"['cat1_img59', 'jpeg']",a photography of monkeys on a fence,two monkeys sitting on a fence looking out over the mountains
"['cat1_img18', 'jpeg']",a photography of a wall full of old and new items,a wall with many pictures and pictures on it
"['cat1_img50', 'jpg']",a photography of a spoonful bowl of powder,a spoon full of powder and a wooden spoon full of powder
"['cat1_img54', 'jpg']",a photography of a person holding a toothbrush,a person is holding a toothbrush in their hand
"['cat1_img19', 'jpeg']","a photography of a lamp, a clock and a book on a table","a lamp, a vase of flowers and a book on a table"
"['cat1_img58', 'jpeg']",a photography of a small boat on a map,a small boat on a map with a map in the background
"['cat1_img23', 'jpeg']",a photography of old radio radios,a shelf full of old radio's
"['cat1_img74', 'jpeg']",a photography of a kitchen counter with dishes and cups,a shelf filled with bowls and plates
"['cat1_img35', 'jpeg']","a photography of a desk with a laptop, headphones, and a lamp",a laptop computer and headphones on a desk
"['cat1_img42', 'jpeg']",a photography of a new year's resolutions,"a desk with a note and pen, a cup of coffee, and a pen on it"
"['cat1_img78', 'jpeg']",a photography of a woman sitting on the steps of a house in the old town of vardh,a man in a red shirt and a black hat
"['cat1_img97', 'jpeg']",a photography of a marble table with a white vase and a bottle of body care products,a white vase with a bottle of liquid and a bottle of body care products on a marble table
"['cat1_img2', 'jpeg']",a photography of a woman pouring tea into a cup,a woman pouring tea into a cup
"['cat1_img81', 'jpeg']",a photography of a sc sc sc sc sc sc sc sc sc sc sc sc sc sc sc,a sc sc sc sc sc sc sc sc sc sc sc sc sc sc sc sc sc sc
"['cat1_img39', 'jpeg']",a photography of a man pouring water into a glass,a man is pouring water into a glass
"['cat9_img5', 'jpg']",a photography of a horse race,a group of jockeys racing horses on a track
"['cat9_img94', 'jpg']",a photography of a man water skiing,a man is water skiing on a lake
"['cat9_img80', 'jpg']",a photography of a woman in the ocean,a woman in a bikini holding a surfboard
"['cat9_img57', 'jpg']",a photography of a skateboarder doing a trick,a man doing a trick on a skateboard
"['cat9_img43', 'jpg']",a photography of a snowboarder doing a trick,a man on a snowboard
"['cat9_img42', 'jpg']",a photography of a soccer team,a group of young men standing on a soccer field
"['cat9_img56', 'jpg']",a photography of a gymnast doing a trick,a woman is doing a trick on a chair
"['cat9_img81', 'jpg']",a photography of a cowboy falling off a horse,a man falling off a horse in a rodeo
"['cat9_img95', 'jpg']",a photography of a stadium,a stadium with a large green field
"['cat9_img4', 'jpg']",a photography of swimmers in a swimming pool,two swimmers in a swimming pool
"['cat9_img6', 'jpg']",a photography of a football player jumping in the air,a man in a red and white uniform
"['cat9_img83', 'jpg']",a photography of a soccer stadium with a huge circle of fans,a large stadium filled with people
"['cat9_img97', 'jpg']",a photography of a person skiing down a hill,a person in a red jacket skiing down a hill
"['cat9_img68', 'jpg']",a photography of a young girl playing soccer,a girl in an orange shirt
"['cat9_img40', 'jpg']",a photography of a girl playing softball,a girl swinging a bat at a softball game
"['cat9_img54', 'jpg']",a photography of a skateboarder doing a trick,a man jumping over a concrete structure in a parking lot
"['cat9_img55', 'jpg']",a photography of a beach volleyball match,a group of people playing volleyball on a beach
"['cat9_img41', 'jpg']",a photography of a woman surfing in the ocean,a woman in a black swimsuit surfing on a pink surfboard
"['cat9_img69', 'jpg']",a photography of a horse racing on a track,a jockey is riding a horse on a track
"['cat9_img96', 'jpg']",a photography of a snowboarder in the air,a snowboarder is jumping off a wooden bench
"['cat9_img82', 'jpg']",a photography of a woman wearing boxing gloves,a woman with a boxing glove on her head
"['cat9_img7', 'jpg']",a photography of a basketball player shooting a ball,a man holding a basketball ball in his hands
"['cat9_img3', 'jpg']",a photography of a football player throwing a ball,a man in a uniform
"['cat9_img86', 'jpg']",a photography of a man in a kayak in a river,a man in a kayak pad down a river
"['cat9_img92', 'jpg']",a photography of a group of young boys playing soccer,a group of young boys running on a track
"['cat9_img45', 'jpg']",a photography of a man kneeling on a track,a man kneeling on a track with a crowd watching
"['cat9_img51', 'jpg']",a photography of a man walking down a dirt road,a man riding a bike down a dirt road
"['cat9_img79', 'jpg']",a photography of a rodeo horse and a rider,a man riding a horse
"['cat9_img78', 'jpg']",a photography of a woman riding a horse,a woman riding a horse in a pen
"['cat9_img50', 'jpg']",a photography of a man in a gym,a man with a beard and a beard is smiling
"['cat9_img44', 'jpg']",a photography of a volleyball team playing a game,a group of young women playing volleyball on a court
"['cat9_img93', 'jpg']",a photography of a little girl playing with a puzzle,a little girl sitting on the floor in a room
"['cat9_img87', 'jpg']",a photography of a man riding a bike,a man riding a bike down a street
"['cat9_img2', 'jpg']",a photography of swimmers in a swimming pool,a group of swimmers in a pool
"['cat9_img91', 'jpg']",a photography of a soccer game with a crowd watching,a group of men playing soccer on a field
"['cat9_img85', 'jpg']",a photography of a man playing golf,a man in a green shirt swinging a golf club
"['cat9_img52', 'jpg']",a photography of a man playing table tennis,a man in a red shirt is playing table tennis
"['cat9_img46', 'jpg']",a photography of swimmers,a group of people sitting on a diving platform
"['cat9_img47', 'jpg']",a photography of a man playing ping - pong,a man playing ping - pong with a ping - pong ball
"['cat9_img53', 'jpg']",a photography of a wrestling match,a wrestling match with a wrestler in the middle
"['cat9_img84', 'jpg']",a photography of a soccer team,a group of young men standing on a soccer field
"['cat9_img90', 'jpg']",a photography of a football player running with the ball,a football player is diving for a ball
"['cat9_img100', 'jpg']",a photography of a soccer player,a man wearing a blue shirt
"['cat9_img1', 'jpg']",a photography of a basketball player jumping to the basket,a man jumping in the air with a basketball
"['cat9_img34', 'jpg']",a photography of a baseball player throwing a ball,a young baseball player is about to throw the ball
"['cat9_img20', 'jpg']",a photography of a volleyball match,a man in a yellow shirt playing volleyball
"['cat9_img21', 'jpg']",a photography of a man walking on a road,a man is walking on the road with a skateboard
"['cat9_img35', 'jpg']",a photography of a basketball game,a man wearing a red shirt
"['cat9_img23', 'jpg']",a photography of a woman doing yoga on a rock,a woman doing yoga on the rocks
"['cat9_img37', 'jpg']",a photography of a soccer player kicking the ball,a man kicking a soccer ball on a field
"['cat9_img36', 'jpg']",a photography of a group of women soccer players,a group of women in green jerseys
"['cat9_img22', 'jpg']",a photography of a woman climbing a rock,a person climbing a rock on a mountain
"['cat9_img26', 'jpg']",a photography of a woman jumping over a hurdle,a woman jumping over a hurdle hurdle
"['cat9_img32', 'jpg']",a photography of a young boy playing cricket,a boy playing cricket
"['cat9_img33', 'jpg']",a photography of a man climbing a wall,a man climbing on a wall with a helmet
"['cat9_img27', 'jpg']",a photography of a person jumping a bike,a man on a bike jumping off a rock
"['cat9_img31', 'jpg']",a photography of a group of young men in a boxing ring,a group of men standing around a boxing ring
"['cat9_img25', 'jpg']",a photography of a boxing match,a man in a boxing ring
"['cat9_img19', 'jpg']",a photography of a group of women doing yoga,a group of women doing yoga with purple ribbons
"['cat9_img18', 'jpg']",a photography of a football game,a football player running with the ball
"['cat9_img24', 'jpg']",a photography of a motorcycle racing on a track,a motorcycle rider is riding on a track
"['cat9_img30', 'jpg']",a photography of a woman running on a treadmill,a woman running on a treadmill
"['cat9_img29', 'jpg']",a photography of a boxing match in a large arena,a boxing ring with a crowd of people watching
"['cat9_img15', 'jpg']",a photography of two men playing soccer,two men are standing on a soccer field
"['cat9_img14', 'jpg']",a photography of a coach talking to his children,a man sitting on the grass
"['cat9_img28', 'jpg']",a photography of the new football stadium in the city of edmonton,the football stadium in the city of edmonton
"['cat9_img16', 'jpg']",a photography of swimmers in a pool,a group of swimmers in a pool
"['cat9_img17', 'jpg']",a photography of a group of cyclists racing,a group of cyclists
"['cat9_img13', 'jpg']",a photography of a soccer team,a group of young men standing on a soccer field
"['cat9_img12', 'jpg']",a photography of a soccer game,a group of young men playing soccer on a field
"['cat9_img10', 'jpg']",a photography of a soccer game,a man is taking a picture of a soccer game
"['cat9_img38', 'jpg']",a photography of a man in a swimming pool,a man in a wet suit and goggles crouching on a surfboard
"['cat9_img39', 'jpg']",a photography of a group of young people playing soccer,a group of young people playing soccer on a field
"['cat9_img11', 'jpg']",a photography of a man playing tennis,a man in a red shirt is playing tennis
"['cat9_img89', 'jpg']",a photography of two men playing soccer on a field,two men playing soccer on a field
"['cat9_img76', 'jpg']",a photography of a soccer game,a group of young men playing soccer on a field
"['cat9_img62', 'jpg']",a photography of a person riding a dirt bike,a person riding a dirt bike on a dirt track
"['cat9_img63', 'jpg']",a photography of a woman doing yoga on the beach,a woman doing yoga on the beach
"['cat9_img77', 'jpg']",a photography of a rugby game,a group of men playing a game of rugby
"['cat9_img88', 'jpg']",a photography of a baseball player at bat,a baseball player is running to first base
"['cat9_img49', 'jpg']",a photography of a man riding a skateboard down a road,a man riding a skateboard down a street
"['cat9_img61', 'jpg']",a photography of a group of young men playing soccer,a group of people sitting on a field
"['cat9_img75', 'jpg']",a photography of a football player running with the ball,a man running with a football on a field
"['cat9_img74', 'jpg']",a photography of a person riding a motorcycle,a person riding a motorcycle on a track
"['cat9_img60', 'jpg']",a photography of a basketball going through a hoop,a basketball going through a hoop
"['cat9_img48', 'jpg']",a photography of a man playing golf,a man in green shirt and shorts playing golf
"['cat9_img64', 'jpg']",a photography of a man playing soccer on the beach,a man in a blue shirt is playing soccer
"['cat9_img70', 'jpg']",a photography of a boy holding a pair of skis,a young boy holding a pair of skis
"['cat9_img58', 'jpg']",a photography of a man playing golf,a man kneeling on a golf course
"['cat9_img59', 'jpg']",a photography of a man working out in a gym,a man is doing a pull up exercise
"['cat9_img71', 'jpg']",a photography of a man falling off a plane,a man in a helmet is flying through the air
"['cat9_img65', 'jpg']",a photography of a soccer game,a large crowd of people watching a soccer game
"['cat9_img9', 'jpg']",a photography of a man sailing a sail,a man is sailing on a small sail
"['cat9_img98', 'jpg']",a photography of a crowd of runners,a large group of people running in a race
"['cat9_img73', 'jpg']",a photography of a man doing a dead weight exercise,a man is doing a dead weight exercise
"['cat9_img67', 'jpg']",a photography of a soccer player in action,a young man kicking a soccer ball on a field
"['cat9_img66', 'jpg']",a photography of a basketball player in action,a young man in a white uniform holding a basketball
"['cat9_img72', 'jpg']",a photography of a man on a rope,a man is suspended by a crane on the beach
"['cat9_img99', 'jpg']",a photography of a woman doing a barbell exercise,a woman is doing a barbell exercise
"['cat9_img8', 'jpg']",a photography of a football player throwing a ball,a football player is running with the ball
"['cat10_img38', 'jpg']",a photography of a toy figure on a blue background,a toy figure is standing on a wooden base
"['cat10_img10', 'jpg']",a photography of two dolphins in the water,two dolphins in the water
"['cat10_img11', 'jpg']",a photography of the school of athens,the school of athens
"['cat10_img39', 'jpg']",a photography of a woman walking under a bridge,a man walking past a large mural of a face
"['cat10_img13', 'jpg']",a photography of a hand holding an ice cream cone,a hand holding a cone of ice cream
"['cat10_img8', 'jpg']",a photography of a person's hand holding a plastic bag,a person holding a plastic bag on a stool
"['cat10_img9', 'jpg']",a photography of a statue of pope pius,a statue of a man in a robe and hat
"['cat10_img12', 'jpg']",a photography of a mural on a building in the bronx neighborhood of brooklyn,a mural on a building in the city
"['cat10_img16', 'jpg']",a photography of a bird painted on a wall,a mural on a wall
"['cat10_img17', 'jpg']",a photography of a painting of a man,a painting of a horse in a room
"['cat10_img15', 'jpg']",a photography of a bust of a woman with a yellow plastic bag on her head,a white bust of a woman with a yellow plastic bag on her head
"['cat10_img29', 'jpg']",a photography of a painting of a group of people,a painting of many different colored animals
"['cat10_img28', 'jpg']",a photography of a man with glasses on a wall,a painting of a man with glasses on a wall
"['cat10_img14', 'jpg']",a photography of two people in traditional costumes,two people dressed in traditional costumes are dancing
"['cat10_img98', 'jpg']",a photography of origaal paper boats,a group of paper boats on a table
"['cat10_img73', 'jpg']",a photography of a wall with hearts painted on it,a wall with many hearts painted on it
"['cat10_img67', 'jpg']",a photography of a white statue of a woman,a white statue of a woman standing next to a wall
"['cat10_img66', 'jpg']",a photography of a black and white photo of a number of masks,a black and white photo of a bunch of masks
"['cat10_img72', 'jpg']",a photography of a colorful mural on a building,a mural on the side of a building
"['cat10_img99', 'jpg']",a photography of a spiral staircase,a spiral staircase with a glass window
"['cat10_img58', 'jpg']",a photography of a sculpture of a woman,a close up of a building with a very large sculpture
"['cat10_img64', 'jpg']",a photography of colorful textiles,colorful fabric on display at a market in india
"['cat10_img70', 'jpg']",a photography of a woman standing in front of a rainbow - colored wall,a woman standing in front of a rainbow - colored wall
"['cat10_img71', 'jpg']",a photography of a sculpture on the beach,a sculpture on the beach with a blue sky in the background
"['cat10_img65', 'jpg']",a photography of a statue of a man and a woman,a statue of a man with a horse in the dirt
"['cat10_img59', 'jpg']",a photography of abstracted art,a painting of a colorful abstract painting
"['cat10_img61', 'jpg']",a photography of a stained glass window on a building,a stained glass window with a picture of jesus on it
"['cat10_img75', 'jpg']",a photography of a coffee cup on a table,a cup of coffee on a black table
"['cat10_img49', 'jpg']",a photography of a woman standing in front of a wall with a row of heads,a woman standing in front of a wall with statues
"['cat10_img48', 'jpg']",a photography of three ceramic rings on a white surface,three small white ceramic objects on a white surface
"['cat10_img74', 'jpg']",a photography of a man painting a wall,a man painting a wall with yellow paint
"['cat10_img60', 'jpg']",a photography of a statue of jesus,a statue of jesus
"['cat10_img89', 'jpg']",a photography of a person holding a fire,a person is spinning a fire in a circle
"['cat10_img76', 'jpg']",a photography of a young girl with face paint,a woman with face paint and face paint
"['cat10_img62', 'jpg']",a photography of a staircase in a house,a staircase with a hand on the top of it
"['cat10_img63', 'jpg']",a photography of a black and white pattern,a black and white pattern with many different shapes
"['cat10_img77', 'jpg']",a photography of a neon lit room,a room with a neon light on the wall
"['cat10_img88', 'jpg']",a photography of a palette of paint,a tray of paint
"['cat10_img91', 'jpg']",a photography of a man with a black face and gold paint on his face,a man with a black face covered in gold and black paint
"['cat10_img85', 'jpg']",a photography of a colorful abstract background,a painting with a lot of paint on it
"['cat10_img52', 'jpg']",a photography of a sculpture in a park,a tree in the fore of a sculpture
"['cat10_img46', 'jpg']",a photography of a white sculpture of a dog,a white sculpture of a dog
"['cat10_img47', 'jpg']",a photography of a woman looking at a painting,a woman looking at a painting on a wall
"['cat10_img53', 'jpg']",a photography of a colorfully painted elephant,a colorfully painted elephant on a blue platform
"['cat10_img84', 'jpg']",a photography of a circular stained glass window,a circular stained glass window
"['cat10_img90', 'jpg']",a photography of a skyscraper building in the snow,a city with skyscrapers and snow falling from the sky
"['cat10_img86', 'jpg']",a photography of a sticker of a comic book,a sticker with a comic style word
"['cat10_img92', 'jpg']",a photography of balloons floating in the air,a bunch of balloons
"['cat10_img79', 'jpg']",a photography of a cat with a blue and yellow paint on it's face,a cat with a tooth in its mouth
"['cat10_img45', 'jpg']",a photography of a man on a shelf,a black and white photo of a shelf with a clock
"['cat10_img51', 'jpg']",a photography of a pair of hands on a red background,a white hand on a red background
"['cat10_img50', 'jpg']",a photography of a glass sculpture on display,a glass sculpture on display in a room
"['cat10_img44', 'jpg']",a photography of a horse with a paint spied on it,a horse painted with a lot of paint
"['cat10_img78', 'jpg']",a photography of a large building with a large mural on it,a large building with a lot of graffiti on it
"['cat10_img93', 'jpg']",a photography of a person's eye through a hole in a wooden wall,a person's eye is seen through a hole in a wall
"['cat10_img87', 'jpg']",a photography of a clock on a black background,a clock drawn on a blackboard
"['cat10_img83', 'jpg']",a photography of a flower arrangement and a statue,a white table cloth
"['cat10_img97', 'jpg']",a photography of a flower arrangement on a wooden table,a wooden table with a candle and flowers on it
"['cat10_img40', 'jpg']",a photography of a sculpture of a lion wearing a mask,a sculpture of a lion wearing a black mask
"['cat10_img54', 'jpg']",a photography of a path in the woods,a path with paintings on it
"['cat10_img68', 'jpg']",a photography of a room with marble statues,a room with a lot of statues in it
"['cat10_img69', 'jpg']",a photography of a woman with powder on her hands,a woman is holding a piece of cake in her hands
"['cat10_img55', 'jpg']",a photography of hands of people covered in white paint,a large group of hands are covered in white paint
"['cat10_img41', 'jpg']",a photography of the columns of the temple of karnam,a large column with paintings on it
"['cat10_img96', 'jpg']",a photography of a woman with purple smoke,a woman with purple smoke on her face
"['cat10_img82', 'jpg']",a photography of a woman sitting on a chair,a woman sitting on a chair in a room
"['cat10_img94', 'jpg']",a photography of a man in a colorful suit,a man in a colorful suit is standing on a wall
"['cat10_img80', 'jpg']",a photography of a painting on a ease,a chair with a painting on it
"['cat10_img57', 'jpg']",a photography of a face on a wall,a face is seen in the wall of a building
"['cat10_img43', 'jpg']",a photography of a red and blue abstract painting,a red and blue painting with a lot of paint
"['cat10_img42', 'jpg']",a photography of a woman holding a baby,a woman sitting on a stool holding a baby
"['cat10_img56', 'jpg']",a photography of green paint,a close up of a green leaf
"['cat10_img81', 'jpg']",a photography of a wooden carving of a man,a wooden sculpture of a man with a beard
"['cat10_img95', 'jpg']",a photography of a ceiling light,a black and white photo of a light fixture
"['cat10_img19', 'jpg']",a photography of a painting,a painting with blue and yellow paint
"['cat10_img31', 'jpg']",a photography of a buddha statue in a park,a statue of a buddha sitting on top of a stone
"['cat10_img25', 'jpg']",a photography of a spiral staircase,a spiral staircase with a clock on the top
"['cat10_img2', 'jpg']",a photography of a woman sitting in a tree,a painting of a woman sitting on a bench
"['cat10_img3', 'jpg']",a photography of a woman sitting on a bench in front of paintings,a woman sitting on a bench
"['cat10_img24', 'jpg']",a photography of a small tool on a bright orange background,a small metal object on a bright orange background
"['cat10_img30', 'jpg']",a photography of a dog on a wall,a dog is painted on a wall with a cage
"['cat10_img18', 'jpg']",a photography of a stained glass window of the nat scene,stained glass window with a nat scene
"['cat10_img26', 'jpg']",a photography of a man wearing a mask,a man wearing a mask standing in front of a wall
"['cat10_img32', 'jpg']",a photography of a statue of a man with a bird on his head,a statue of a man with a bird on his head
"['cat10_img1', 'jpg']",a photography of a painting of a blue and green abstract painting,a painting of a blue and green abstract painting
"['cat10_img100', 'jpg']",a photography of a paper crane hanging from a string,a black origaal bird hanging from a string
"['cat10_img33', 'jpg']",a photography of a statue of a man with a monkey on his shoulder,a statue of a man with a hat on
"['cat10_img27', 'jpg']",a photography of rain drops on a window,rain drops on a window with blurred lights in the background
"['cat10_img23', 'jpg']",a photography of a statue of a horse,a statue of a horse with a long mane
"['cat10_img37', 'jpg']",a photography of a statue of a man holding a book,a statue of a man holding a book
"['cat10_img4', 'jpg']",a photography of two red masks in a garden,two red masks sitting in the grass
"['cat10_img5', 'jpg']",a photography of a sculpture of a man wearing a mask,a white statue with a black mask on it
"['cat10_img36', 'jpg']",a photography of a statue of a man,a statue of a man with a crown on his head
"['cat10_img22', 'jpg']",a photography of a watercolor painting of a beach,watercolor waves clipart watercolor waves clipart
"['cat10_img34', 'jpg']",a photography of a pile of white masks,a pile of white masks with holes in them
"['cat10_img20', 'jpg']",a photography of a woman standing in front of a statue,a woman standing next to a statue of a man
"['cat10_img7', 'jpg']",a photography of a woman with red hair and a white mask,a woman sitting next to a sculpture of a man
"['cat10_img6', 'jpg']",a photography of a statue in a park,a statue of a woman holding a bird
"['cat10_img21', 'jpg']",a photography of a hand holding a pen and drawing a flower design,a person drawing with a pencil on a piece of paper
"['cat10_img35', 'jpg']",a photography of a couple standing on a statue,a statue of two people standing on top of a building
"['cat2_img62', 'jpeg']",a photography of a geyser in yellowstone national park,a large geyser in the middle of a field
"['cat2_img35', 'jpeg']",a photography of a path in the mountains,a road with trees and a foggy sky
"['cat2_img23', 'jpeg']",a photography of a deer in the mist,a deer standing in the middle of a forest
"['cat2_img74', 'jpeg']",a photography of two people kaying in the virgins of zion,two people kaying down the virgin river
"['cat2_img58', 'jpeg']",a photography of a turtle on the reef,a turtle swimming in the ocean
"['cat2_img3', 'jpeg']",a photography of a rainforest in costa,a sunbeam in the rainforest
"['cat2_img19', 'jpeg']","a photography of a lavender field in provence, france","lavender field in provence, france"
"['cat2_img81', 'jpeg']",a photography of a woman sitting on a boat in a lake,a woman sitting on a boat in a lake
"['cat2_img39', 'jpeg']",a photography of rice terraces in the rice fields of the rice terraces in the rice terraces are a,"rice terraces in the mountains of sapa, sapa, vietnam"
"['cat2_img97', 'jpeg']",a photography of a woman in a lavender field,a woman standing in a lavender field
"['cat2_img78', 'jpeg']",a photography of a school of fish in the great barrier reef,a school of fish swimming in the ocean
"['cat2_img54', 'jpeg']",a photography of a river in the kimberley,aerial view of the river
"['cat2_img42', 'jpeg']",a photography of a rainbow in the sky,a rainbow appears over the mountains of the santa catalina mountains
"['cat2_img15', 'jpeg']",a photography of a forest,a forest with lots of trees and some leaves
"['cat2_img14', 'jpeg']",a photography of the flatiro building in the fog,a view of the city from a high rise building in the fog
"['cat2_img43', 'jpeg']",a photography of a moon over a lake,the sky is blue
"['cat2_img55', 'jpeg']",a photography of a park bench in the fog,a bench in the middle of a park
"['cat2_img96', 'jpeg']",a photography of wind turbines in a field,a field with a few wind turbines in the distance
"['cat2_img79', 'jpeg']",a photography of a couple and their dog on the beach,a man and a dog walking on the beach
"['cat2_img38', 'jpeg']",a photography of horses in a field,a group of horses grazing in a grassy field
"['cat2_img80', 'jpeg']",a photography of a small waterfall in the woods,a small stream in the woods with moss and trees
"['cat2_img18', 'jpeg']",a photography of a small pond in the middle of a grassy meadow,a small pond in the middle of a grassy field
"['cat2_img2', 'jpeg']","a photography of the te te range in the te te range wilderness, te te range, te",the sun shines on the mountains and valleys in the rocky valley
"['cat2_img59', 'jpeg']",a photography of lotus flowers in a pond,lotus flower in the water
"['cat2_img75', 'jpeg']",a photography of a fallen tree in a foggy forest,a fallen tree in the woods with fog
"['cat2_img22', 'jpeg']",a photography of a lake in the canadian rockies,a lake surrounded by trees and mountains
"['cat2_img34', 'jpeg']",a photography of the fraser river,the fraser river in british columbia
"['cat2_img63', 'jpeg']",a photography of a sunflower field with a storm in the background,a large field of sunflowers under a stormy sky
"['cat2_img87', 'jpeg']",a photography of a whale in the ocean,a whale swimming in the ocean near the shore
"['cat2_img68', 'jpeg']",a photography of a puddle with birds flying in it,a bird flying over a puddle in the rain
"['cat2_img29', 'jpeg']",a photography of a beach,a beach with waves crashing on the sand
"['cat2_img91', 'jpeg']",a photography of a goat in a field in the mountains of the russian farland region,a goat in a field next to a wooden house
"['cat2_img52', 'jpeg']",a photography of zebras in the desert,a group of zebras
"['cat2_img44', 'jpeg']",a photography of palm trees blowing in the wind,palm trees blowing in the wind
"['cat2_img100', 'jpeg']",a photography of a sea turtle swimming in the ocean,a small fish swimming in the ocean
"['cat2_img13', 'jpeg']",a photography of the matter matter matter matter matter matter matter matter matter matter matter matter matter matter matter,a mountain with a lake in front of it
"['cat2_img9', 'jpeg']",a photography of a lake at sunset,a wooden dock
"['cat2_img64', 'jpeg']",a photography of a cactus with a pink flower,a cactus with pink flowers in the desert
"['cat2_img33', 'jpeg']",a photography of a snowy scene in the park,a river with snow covered trees and a bridge
"['cat2_img25', 'jpeg']",a photography of a ski resort in the mountains,a snowy town with a mountain in the background
"['cat2_img72', 'jpeg']",a photography of a tunnel in yoke,a large rock formation with a hole in the middle
"['cat2_img48', 'jpeg']",a photography of a couple dancing around a campfire at sunset,a man and woman dancing around a bonfire on the beach
"['cat2_img5', 'jpeg']",a photography of a spider web in a field,a spider web in the middle of a field
"['cat2_img4', 'jpeg']",a photography of a cactus against a blue sky,a cactus plant with a blue sky in the background
"['cat2_img49', 'jpeg']",a photography of a cherry tree lined with pink blossoms,cherry trees in bloom along a road
"['cat2_img73', 'jpeg']",a photography of grass by the water,a bird is sitting on the grass by the water
"['cat2_img24', 'jpeg']",a photography of a lighthouse on a rocky shore,a lighthouse on a rocky shore
"['cat2_img32', 'jpeg']",a photography of the old stone bridge in the gorge of the river in autumn,the old stone bridge in the gorge of the river
"['cat2_img65', 'jpeg']",a photography of bamboo trees in the forest,bamboo trees in the forest
"['cat2_img8', 'jpeg']",a photography of a path lined with trees,a path through an orchard
"['cat2_img12', 'jpeg']",a photography of a cliff in bali,a cliff with a small house on top of it
"['cat2_img45', 'jpeg']",a photography of a fisherman in a boat at sunset,a man in a boat at sunset
"['cat2_img53', 'jpeg']",a photography of a hot air balloon in the sky,a hot air balloon flying over a green field
"['cat2_img90', 'jpeg']",a photography of a waterfall in the wai falls,a waterfall in the middle of a canyon
"['cat2_img28', 'jpeg']",a photography of the sun setting over the mountains in the blue ridge national park,the sun sets over the mountains in the blue ridge area of the great smoky mountains
"['cat2_img86', 'jpeg']",a photography of an elephant in the wild,a large tree in the distance
"['cat2_img69', 'jpeg']",a photography of a boat in the water in halo halo halo halo halo halo halo halo halo halo,a boat in the water near a cliff
"['cat2_img11', 'jpeg']",a photography of a waterfall in the rainforest,a waterfall in the middle of a forest
"['cat2_img46', 'jpeg']",a photography of a snowy night in the park,a bench in the snow with a street light
"['cat2_img50', 'jpeg']",a photography of a group of people hiking in the mountains,a group of people walking on a dirt road
"['cat2_img93', 'jpeg']",a photography of a forest in the fall,birch trees in autumn
"['cat2_img85', 'jpeg']",a photography of camels in the desert,camels in the desert
"['cat2_img7', 'jpeg']",a photography of a mountain with flowers in the fore,a view of a mountain with flowers in the fore
"['cat2_img70', 'jpeg']",a photography of a tree growing on a rock,a tree with roots growing on a rock
"['cat2_img27', 'jpeg']",a photography of a bird flying over a mountain,a bird flying over a mountain range
"['cat2_img31', 'jpeg']",a photography of a natural arch in arches,a large rock formation in the desert
"['cat2_img66', 'jpeg']",a photography of a frozen lake in norway,ice on the water in the middle of a lake
"['cat2_img89', 'jpeg']",a photography of a snow covered tree in the snow,a large tree covered in snow
"['cat2_img67', 'jpeg']",a photography of a flooded river in the middle of the murray dam,a large pond surrounded by trees in the middle of a forest
"['cat2_img88', 'jpeg']",a photography of a windmill and tuliplips in holland,a windmill and red tulips in the fore of a dutch windmill
"['cat2_img30', 'jpeg']",a photography of autumn leaves falling from trees,autumn leaves falling from trees
"['cat2_img26', 'jpeg']",a photography of a field of wheat,a field of wheat under a cloudy sky
"['cat2_img71', 'jpeg']",a photography of two swans in a lake,two swans in a lake
"['cat2_img6', 'jpeg']",a photography of the sunrise over the hills in the san valley,a sunrise over the hills in the hills
"['cat2_img84', 'jpeg']",a photography of a bench in the garden,a couple of benches sitting on top of a gravel field
"['cat2_img92', 'jpeg']",a photography of a brown butterfly on a leaf,a brown butterfly sitting on a green leaf
"['cat2_img51', 'jpeg']",a photography of camels in the sahara,camel ride in the sahara
"['cat2_img47', 'jpeg']",a photography of the mountains of the douro in the douro region of portugal,a view of mountains and valleys from the top of a mountain
"['cat2_img10', 'jpeg']",a photography of a path in a forest,a path through a forest with fog and fog
"['cat2_img1', 'jpeg']",a photography of a beach at sunset,a beach with shells and seaweed on the sand
"['cat2_img76', 'jpeg']",a photography of a little girl flying a kite,a little girl flying a kite on the beach
"['cat2_img99', 'jpeg']",a photography of a beach,a close up of a beach with waves
"['cat2_img21', 'jpeg']","a photography of the grand canyon in grand canyon national park, utah","the grand canyon, colorado"
"['cat2_img37', 'jpeg']",a photography of the sun rays coming through the clouds over the hills of the city of medelli,a view of the mountains and clouds from a balcony
"['cat2_img60', 'jpeg']",a photography of a herd of bison grazing in a field,a herd of bison grazing in a grassy field
"['cat2_img17', 'jpeg']",a photography of a desert,a person walking across a desert
"['cat2_img40', 'jpeg']",a photography of a bride and groom in the redwood forest,a bride and groom in the woods
"['cat2_img56', 'jpeg']",a photography of a flock of birds flying in the air,a flock of birds flying over a field
"['cat2_img95', 'jpeg']",a photography of a rock in the forest,a rock in the woods
"['cat2_img83', 'jpeg']",a photography of a fountain with roses in the background,a fountain with flowers and a statue
"['cat2_img82', 'jpeg']",a photography of a dead tree in the desert,a dead tree in the middle of a desert
"['cat2_img94', 'jpeg']",a photography of a field of hay,a field of hay
"['cat2_img57', 'jpeg']",a photography of a snowy mountain,a mountain covered in snow
"['cat2_img41', 'jpeg']","a photography of a vineyard in the dordot region of burgundy, france",a vineyard in the countryside of alsace
"['cat2_img16', 'jpeg']",a photography of the northern lights over a lake in norway,the aurora aurora aurora aurora aurora aurora aurora aurora aurora aurora aurora aurora aurora aurora aurora aurora aurora aurora
"['cat2_img61', 'jpeg']",a photography of a man diving in a cave,a man diving in a lake with a boat
"['cat2_img36', 'jpeg']",a photography of a cabin in the snow,a small cabin in the middle of a snowy forest
"['cat2_img20', 'jpeg']",a photography of seaguls flying over the water,a group of birds flying over a body of water
"['cat2_img77', 'jpeg']",a photography of a white egret in the reeds,a white bird standing in the middle of a body of water
"['cat2_img98', 'jpeg']",a photography of a seagul flying over a rough sea,a bird flying over the ocean with waves
"['cat4_img95', 'jpeg']",a photography of a basketball game being played,a group of young men playing a game of basketball
"['cat4_img100', 'jpeg']",a photography of a man working on a roof,a man is working on a roof
"['cat4_img83', 'jpeg']",a photography of people swimming in a pool,a group of people swimming in a pool
"['cat4_img17', 'jpeg']",a photography of a group of people dancing at a party,people dancing in a dark room with green lights
"['cat4_img40', 'jpeg']",a photography of a group of men working on a train track,a group of men working on a train track
"['cat4_img56', 'jpeg']",a photography of a dog and a man feeding a dog,a woman feeding a dog
"['cat4_img76', 'jpeg']",a photography of a man using a cell,a man is using a cell phone
"['cat4_img99', 'jpeg']",a photography of a choir singing,a choir with a man in a red robe and a woman in a yellow robe
"['cat4_img21', 'jpeg']",a photography of two boys sitting on a couch watching a movie,two boys sitting on the floor watching tv
"['cat4_img37', 'jpeg']",a photography of a man in a tractor,a man is driving a tractor in a field
"['cat4_img60', 'jpeg']",a photography of a woman walking down a street,a woman walking down a street with a bicycle
"['cat4_img2', 'jpeg']",a photography of two elderly people walking in a park,two people walking down a path under a tree
"['cat4_img3', 'jpeg']",a photography of two chefs preparing food in a kitchen,two men in aprons preparing food in a kitchen
"['cat4_img61', 'jpeg']",a photography of a man giving a presentation to a group of people,a man giving a presentation to a group of people
"['cat4_img36', 'jpeg']",a photography of a woman reading a newspaper,a woman reading a newspaper on the stairs
"['cat4_img20', 'jpeg']",a photography of a man shaving his beard in a bathroom,a man in a sweater is shaving his face in front of a mirror
"['cat4_img77', 'jpeg']",a photography of a couple holding up a lantern at night,people holding up lanterns in the dark sky
"['cat4_img98', 'jpeg']",a photography of two little girls drawing with chalk,two children drawing on the sidewalk
"['cat4_img57', 'jpeg']",a photography of a man feeding pigeons in a park,a man sitting on the grass next to a pond
"['cat4_img41', 'jpeg']",a photography of a surfer riding a wave,a surfer is riding a wave in the ocean
"['cat4_img16', 'jpeg']",a photography of a fire at a home in the 6000 n st in the bronx area of,firefighters battle a fire at a home in the 600 block of westside avenue in the fire started
"['cat4_img82', 'jpeg']",a photography of a woman decorating a cake,a woman is decor a cake with pink icing
"['cat4_img94', 'jpeg']",a photography of a wedding ceremony in the woods,a couple sitting at a wedding ceremony under a tree
"['cat4_img70', 'jpeg']",a photography of a man in a kitchen,a man in a kitchen using a laptop
"['cat4_img27', 'jpeg']",a photography of a man grilling a bb,a man grilling on a grill in the backyard
"['cat4_img31', 'jpeg']",a photography of a woman working at a sewing studio,a woman sitting at a desk with a sewing machine
"['cat4_img66', 'jpeg']",a photography of a woman lighting a candle,a woman lighting a candle on a table
"['cat4_img89', 'jpeg']",a photography of a fighter plane,a man standing next to an airplane with a propeller
"['cat4_img4', 'jpeg']",a photography of a woman reading a book,a woman sitting at a table with a book and a cup
"['cat4_img93', 'jpeg']",a photography of a car in a parking lot,a black car driving down a street with people
"['cat4_img85', 'jpeg']",a photography of a man in a yellow vest holding a small pocket watch,a man in a vest holding a small box
"['cat4_img11', 'jpeg']",a photography of a dog carrying a stick in its mouth,a dog running through a field with a stick in its mouth
"['cat4_img8', 'jpeg']",a photography of workers installing solar panels on a roof,workers installing solar panels on the roof of a building
"['cat4_img46', 'jpeg']",a photography of a group of people in a kitchen,a group of people in a kitchen preparing food
"['cat4_img50', 'jpeg']",a photography of two boys working on a robot,two children playing with a robot
"['cat4_img51', 'jpeg']",a photography of a man working in his home office,a man sitting at a desk with a computer
"['cat4_img9', 'jpeg']",a photography of a man washing a car in a street,a man washing his car in the street
"['cat4_img47', 'jpeg']",a photography of a man making a pottery pot,a man is making a pottery pot
"['cat4_img10', 'jpeg']",a photography of a fisherman casting a net at sunset,"a fisherman casts his net at sunset on the mekong river in siauan, indonesia"
"['cat4_img84', 'jpeg']",a photography of a man working on a piece of wood,a man in a plaid shirt and hat working on a piece of wood
"['cat4_img92', 'jpeg']",a photography of a laboratory,a laboratory with people working in it
"['cat4_img5', 'jpeg']","a photography of buddhist monks in angkor temple, angkor, cambodia",a group of monks sitting on a stone wall
"['cat4_img67', 'jpeg']",a photography of a woman in a kitchen,a woman standing in a kitchen preparing food
"['cat4_img88', 'jpeg']",a photography of a scientist writing on a whiteboard,a woman in a white coat writing on a white board
"['cat4_img30', 'jpeg']",a photography of a family celebrating a birthday,a family celebrating their first birthday with balloons and cons
"['cat4_img26', 'jpeg']",a photography of a little girl and her mother in the kitchen,a young girl in a yellow apron and a little boy in a blue apron
"['cat4_img71', 'jpeg']",a photography of a man in a white shirt looking at his reflection in a mirror,a man in a white shirt is looking at his reflection in the mirror
"['cat4_img48', 'jpeg']",a photography of a group of people sitting around a table,a group of people sitting around a table
"['cat4_img6', 'jpeg']",a photography of a couple painting a wall,two people painting a wall with blue tape
"['cat4_img64', 'jpeg']",a photography of people playing on the frozen lake,a group of people are playing on the ice
"['cat4_img33', 'jpeg']",a photography of a young girl reading a book to her younger sister,a group of children sitting on the floor reading books
"['cat4_img25', 'jpeg']",a photography of two men working on a construction site,two men working on a construction site
"['cat4_img72', 'jpeg']",a photography of a choir singing in a church,the orchestra of the church
"['cat4_img52', 'jpeg']",a photography of five children sitting on a couch,a group of children sitting on a couch
"['cat4_img44', 'jpeg']",a photography of a drummer playing the drums,a man playing drums in a recording room
"['cat4_img13', 'jpeg']",a photography of a group of people dancing in a dance hall,a group of people standing on a stage
"['cat4_img87', 'jpeg']",a photography of a chef throwing a pizza dough,a man in an apron is making pizza
"['cat4_img68', 'jpeg']",a photography of two young boys picking grapes in a vineyard,two people picking grapes in a vineyard
"['cat4_img29', 'jpeg']",a photography of a group of dancers in a dance studio,a group of people in a dance class
"['cat4_img91', 'jpeg']",a photography of a woman cleaning a car in the snow,a woman cleaning her car in the snow
"['cat4_img90', 'jpeg']",a photography of a man reading a book in a library,a man sitting on a chair reading a book in a library
"['cat4_img28', 'jpeg']",a photography of a group of people enjoying a meal,a group of people sitting at a table with wine glasses
"['cat4_img86', 'jpeg']",a photography of a woman getting her teeth checked,a woman getting her teeth examined by a dentist
"['cat4_img69', 'jpeg']",a photography of a man playing a guitar,a man with a guitar and a man with a guitar
"['cat4_img12', 'jpeg']",a photography of a man working on a tire,a man working on a tire in the streets of nairobi
"['cat4_img45', 'jpeg']",a photography of two fencing fencers in a gym,two men in fencing gear practicing their moves
"['cat4_img53', 'jpeg']",a photography of a group of people picking trash on the beach,a group of people standing on a beach
"['cat4_img73', 'jpeg']",a photography of a group of people riding bikes,a group of people riding bikes down a dirt road
"['cat4_img24', 'jpeg']",a photography of a busy highway with cars and trucks,a highway with many cars on it
"['cat4_img32', 'jpeg']",a photography of a family decorating a christmas tree,a man and a little girl decorating a christmas tree
"['cat4_img65', 'jpeg']",a photography of a group of children in a lab,a group of children looking at a microscope
"['cat4_img49', 'jpeg']",a photography of two people practicing karate in a white room,two people in karate gear practicing karate
"['cat4_img7', 'jpeg']",a photography of two students studying in the library,three students studying in a library
"['cat4_img54', 'jpeg']",a photography of people walking in a cave,people walking through a cave in the woods
"['cat4_img42', 'jpeg']",a photography of people snoring in the great barrier reef,people snoring in the ocean
"['cat4_img15', 'jpeg']",a photography of a woman riding a horse,a woman riding a horse on a hill
"['cat4_img81', 'jpeg']",a photography of a man getting his hair cut,a man with a beard and a gun
"['cat4_img39', 'jpeg']",a photography of tea farmers in sri,tea picking in sri
"['cat4_img97', 'jpeg']",a photography of a couple shopping in a grocery,a woman and a man shopping in a grocery store
"['cat4_img78', 'jpeg']",a photography of a person standing in the sand,a person standing on a beach with a kite
"['cat4_img58', 'jpeg']",a photography of a group of people working in a construction site,a group of people working on a construction site
"['cat4_img19', 'jpeg']",a photography of two children playing on the beach,two children playing on the beach
"['cat4_img62', 'jpeg']",a photography of a woman working in a studio,a woman in a white shirt and brown pants is standing in a room with a large window
"['cat4_img35', 'jpeg']",a photography of a little girl reading a book,a little girl reading a book on her bed
"['cat4_img23', 'jpeg']",a photography of a father teaching his daughter how to ride a bike,father teaching his daughter to ride a bicycle
"['cat4_img74', 'jpeg']",a photography of a man ironing a shirt,a man ironing a shirt on a ironing board
"['cat4_img75', 'jpeg']",a photography of a man standing on a frozen waterfall,a person standing on a frozen waterfall
"['cat4_img22', 'jpeg']","a photography of a church in the city of kash, iran",a group of people sitting in pew pew pew pew pew pew pew pew pew pew pew pew pew
"['cat4_img34', 'jpeg']",a photography of three women sitting on a wall with a statue in the background,a group of people sitting on a bench with laptops
"['cat4_img63', 'jpeg']",a photography of a group of people rowing in a lake,a group of people rowing on a lake
"['cat4_img18', 'jpeg']",a photography of two little girls brushing their teeth,two little girls brushing their teeth
"['cat4_img1', 'jpeg']",a photography of a woman arranging flowers in a park,a woman is placing flowers in a vase
"['cat4_img59', 'jpeg']",a photography of a person walking in the snow,a person walking down a snowy path in the mountains
"['cat4_img96', 'jpeg']",a photography of a police marching in delhi,police officers march during a protest in new delhi on monday
"['cat4_img79', 'jpeg']",a photography of a man milking a cow,a man milking a cow in a barn
"['cat4_img38', 'jpeg']",a photography of a woman planting a tree,a woman kneeling down to plant a tree
"['cat4_img80', 'jpeg']",a photography of a man working in a garden,a man working in a garden
"['cat4_img14', 'jpeg']",a photography of a couple taking a picture of themselves,a woman taking a picture of a man on a bus
"['cat4_img43', 'jpeg']",a photography of a construction site with a man in a hard hat,a group of construction workers working on a building
"['cat4_img55', 'jpeg']",a photography of a cross country race,a man running in a race
"['cat3_img26', 'jpeg']",a photography of a mall with a large bird suspended from the ceiling,a large glass ceiling
"['cat3_img71', 'jpeg']",a photography of a man running in a race,a group of people are walking down the street
"['cat3_img67', 'jpeg']",a photography of a man standing in front of a fountain in the city of riga,a person standing in front of a fountain
"['cat3_img88', 'jpeg']",a photography of two skaters in a skating rink,two people skating on an ice rink
"['cat3_img30', 'jpeg']","a photography of the gardens of the alca palace in granada, spain",the gardens at the castle of the dukess in the city of heidelberg
"['cat3_img9', 'jpeg']","a photography of the city of bogota, colombia","the city of sarajevo, with the mountains in the background"
"['cat3_img92', 'jpeg']",a photography of a parking area with cars parked in it,a row of parked cars
"['cat3_img84', 'jpeg']",a photography of a man walking through a busy street in a small city,people walking through a busy street market
"['cat3_img47', 'jpeg']",a photography of a row of red bikes,a row of red bikes
"['cat3_img5', 'jpeg']",a photography of a street market in hong,a street scene with a sign that says'no one '
"['cat3_img10', 'jpeg']",a photography of a street scene at night,a group of people sitting at tables on a sidewalk
"['cat3_img51', 'jpeg']",a photography of a crowd of people walking down a street,a crowd of people walking down a street
"['cat3_img50', 'jpeg']",a photography of a group of people standing in a circle,a group of people standing in a circle
"['cat3_img4', 'jpeg']",a photography of toronto at night,a city at night with a view of the cn tower
"['cat3_img11', 'jpeg']",a photography of a street in the old town of giro,a wet street in the city
"['cat3_img46', 'jpeg']",a photography of swimmers competing in a swimming race,swimmers in the pool
"['cat3_img85', 'jpeg']",a photography of a small town on a lake,a small island in the middle of a lake
"['cat3_img93', 'jpeg']",a photography of a beach with palm trees and a blue sky,a beach with palm trees and people sitting at tables
"['cat3_img8', 'jpeg']",a photography of a city in mexico,an aerial view of a city in colombia
"['cat3_img31', 'jpeg']",a photography of wind turbines on a hill,a hill
"['cat3_img66', 'jpeg']",a photography of people walking in the rain,a group of people walking down a street holding umbrellas
"['cat3_img89', 'jpeg']",a photography of a building with a clock on top,a clock on a building with a sky background
"['cat3_img70', 'jpeg']",a photography of a man paddling in a kayak,a man in a kayak pad paddling on a lake
"['cat3_img27', 'jpeg']",a photography of a rooftop bar with a view of the city,a restaurant with a view of the city at night
"['cat3_img94', 'jpeg']",a photography of a city at night,a bridge over a river
"['cat3_img82', 'jpeg']",a photography of a man walking past a restaurant,a couple of people walking in front of a restaurant
"['cat3_img41', 'jpeg']",a photography of a ferris at night,a ferris wheel in a city at night
"['cat3_img3', 'jpeg']",a photography of a trolley car on a street,a trolley car is parked on a street
"['cat3_img16', 'jpeg']",a photography of a woman walking her dogs,a woman walking two dogs down a street
"['cat3_img57', 'jpeg']",a photography of a window display of vintage items,a window display with various items in it
"['cat3_img20', 'jpeg']",a photography of a palm tree lined sidewalk,a row of palm trees
"['cat3_img77', 'jpeg']",a photography of two women pushing a bicycle with baskets of flowers,two people with baskets of flowers on their bikes
"['cat3_img98', 'jpeg']",a photography of a canal in amsterdam,a canal with boats and buildings in the background
"['cat3_img61', 'jpeg']",a photography of a fire hydra on a city street,a red fire hydrant with a chain around it
"['cat3_img36', 'jpeg']",a photography of surfers on the beach in surfers paradise,a view of the beach and buildings in surfers paradise
"['cat3_img37', 'jpeg']",a photography of a city,a black and white photo of buildings in the city
"['cat3_img60', 'jpeg']",a photography of a parking area with a car parked in the parking,a parking with a car parked in it
"['cat3_img76', 'jpeg']",a photography of a person on a motorcycle on a bridge,a person riding a bike on a bridge
"['cat3_img99', 'jpeg']",a photography of a train track in the city,a train track with a train track in the middle
"['cat3_img21', 'jpeg']",a photography of the toronto skyline at night,the city skyline of toronto at night
"['cat3_img56', 'jpeg']","a photography of a building in the city of johannesburg, south africa",a tall building with a coca sign on top
"['cat3_img2', 'jpeg']",a photography of traffic on a busy street,a large group of vehicles
"['cat3_img17', 'jpeg']",a photography of a man playing guitar on the street,two men playing guitar on the street
"['cat3_img40', 'jpeg']",a photography of a water taxi boat in the water,a boat with a yellow taxi sign on it
"['cat3_img83', 'jpeg']",a photography of a woman riding a bike,a woman riding a bike down a street
"['cat3_img95', 'jpeg']","a photography of the city of sarajevo, bosnia","aerial view of the city of cer, croatia"
"['cat3_img55', 'jpeg']",a photography of a concert hall with a stage and a large screen,a large auditorium with a stage and a large screen
"['cat3_img14', 'jpeg']",a photography of a street in a city,a street with a lot of people walking down it
"['cat3_img1', 'jpeg']",a photography of a bridge over a river,a bridge over a river with a train going over it
"['cat3_img43', 'jpeg']",a photography of a library with a round window,a large circular ceiling
"['cat3_img38', 'jpeg']",a photography of a busy grand central station,a large building with a lot of people inside
"['cat3_img80', 'jpeg']",a photography of the ferry at the port of auckland,a large boat is docked at the dock
"['cat3_img96', 'jpeg']",a photography of a basketball game,a group of girls playing a game of basketball
"['cat3_img79', 'jpeg']",a photography of a man walking down an escalator,a man is walking down an escalator
"['cat3_img59', 'jpeg']",a photography of a gas station at sunset,a gas station at sunset
"['cat3_img18', 'jpeg']",a photography of a train on the tracks,a train on the tracks
"['cat3_img34', 'jpeg']",a photography of a man sitting on a stage,a man standing on top of a large stone structure
"['cat3_img63', 'jpeg']",a photography of a manhole on the cobbles,a manhole with a shield on it
"['cat3_img75', 'jpeg']",a photography of a wall covered with posters,a wall covered with posters and posters
"['cat3_img22', 'jpeg']",a photography of a street in hong at night,a street filled with neon signs and neon signs
"['cat3_img23', 'jpeg']",a photography of a busy street with a bus and a bus stop,a red double decker bus
"['cat3_img74', 'jpeg']",a photography of a skateboarder at a skate park,a man sitting on a skateboard
"['cat3_img62', 'jpeg']",a photography of a police officer directing a traffic officer,a police officer directing traffic
"['cat3_img35', 'jpeg']",a photography of a parking lot with buses and buses,a parking filled with lots of white buses
"['cat3_img19', 'jpeg']","a photography of the city of bern, switzerland","the city of bern, switzerland"
"['cat3_img58', 'jpeg']",a photography of a group of people marching down a street holding signs,a group of people walking down a street holding signs
"['cat3_img97', 'jpeg']",a photography of people on a subway train,people on a subway train
"['cat3_img78', 'jpeg']",a photography of a street market with a lot of fruit,a man pushing a cart of fruit down a street
"['cat3_img81', 'jpeg']",a photography of a man juggling in a crowd,a man jugs for a ball while a crowd watches
"['cat3_img39', 'jpeg']",a photography of a narrow street in the city of london,"a narrow alley in the city of new york, new york, new york, united"
"['cat3_img42', 'jpeg']",a photography of the opening ceremony of the fifa world cup at the mara do sul stadium in mara,a soccer stadium with a large crowd watching
"['cat3_img15', 'jpeg']",a photography of a marina with boats docked in the harbor,a harbor with boats docked in it
"['cat3_img54', 'jpeg']",a photography of a garbage truck with a pile of junk,a pile of trash on the sidewalk
"['cat3_img49', 'jpeg']",a photography of a fire station with fire trucks,a fire station with fire trucks parked in front
"['cat3_img32', 'jpeg']",a photography of a modern building,a large white staircase
"['cat3_img65', 'jpeg']",a photography of a construction worker walking under a bridge,a man walking across a bridge over water
"['cat3_img73', 'jpeg']",a photography of a group of people playing volleyball,a group of people playing volleyball on the beach
"['cat3_img24', 'jpeg']",a photography of a street scene with a street sign,a street with a street sign and a street sign
"['cat3_img53', 'jpeg']",a photography of a man standing in a cemetery,a man standing in a cemetery with a tower in the background
"['cat3_img12', 'jpeg']",a photography of people on a subway platform,a group of people are walking on a subway platform
"['cat3_img7', 'jpeg']",a photography of a harbor with many boats,a row of colorful buildings along a river
"['cat3_img45', 'jpeg']",a photography of a market with people shopping,a group of people standing around a market
"['cat3_img86', 'jpeg']",a photography of a man walking past a store,a man walking past a store with a large display of magazines
"['cat3_img69', 'jpeg']",a photography of a street corner with a stop sign,a street with a stop sign and a train crossing
"['cat3_img90', 'jpeg']",a photography of a market with people shopping,a group of people standing around a market
"['cat3_img28', 'jpeg']",a photography of a street at night,a street with a stone wall and a street light
"['cat3_img29', 'jpeg']",a photography of a skate park with palm trees,a man riding a skateboard on a ramp
"['cat3_img91', 'jpeg']",a photography of a roundabout intersection,a roundabout intersection with a red stop sign
"['cat3_img87', 'jpeg']","a photography of the skyline of downtown, chicago","the skyline of dubai, with the reflection of the buildings in the water"
"['cat3_img68', 'jpeg']",a photography of a train passing under a bridge,a train is coming under a bridge on a rainy day
"['cat3_img44', 'jpeg']",a photography of a person riding a bike along a river,a person riding a bike on a trail next to a lake
"['cat3_img13', 'jpeg']",a photography of a narrow alley in the old city of jerusalem,a narrow alley in the old city of jerusalem
"['cat3_img6', 'jpeg']",a photography of a crosswalk in a city,a crosswalk in a city at night
"['cat3_img52', 'jpeg']",a photography of a crowded room with people,a crowded room with people
"['cat3_img25', 'jpeg']",a photography of a man painting a mural on a wall in the city of lisbon,a man painting a mural on the side of a building
"['cat3_img72', 'jpeg']",a photography of a bus stop in the middle of a street,a group of people standing on the sidewalk
"['cat3_img100', 'jpeg']",a photography of people celebrating holi holi holi holi holi holi holi,people celebrating holi holi holi holi holi holi holi holi ho
"['cat3_img64', 'jpeg']",a photography of a phone booth on a sidewalk,a phone booth with graffiti on it
"['cat3_img33', 'jpeg']",a photography of a coin - operated coin - operated binoculars overlooking the empire state,a coin coin on top of a building with a view of the city
"['cat3_img48', 'jpeg']",a photography of a white mustang mustang mustang mustang mustang mustang mustang mustang mustang mustang mustang mustang mustang mustang,a white car is driving through a tunnel
