image_name,captions
cat1_img1,a photography of a cup of tea and a book
cat1_img2,a photography of a woman pouring tea into a cup
cat1_img3,a photography of a desk with a laptop a pen
cat1_img4,a photography of a man's hand on a smart watch
cat1_img5,a photography of a child playing with toys
cat1_img6,a photography of a man laying on the grass
cat1_img7,a photography of clothes hanging on a clothesline
cat1_img8,a photography of a beach scene
cat1_img9,a photography of a bedside with a lamp and a plant
cat1_img10,a photography of a person holding a book in their hands
cat1_img11,a photography of a book and a pen on a blanket
cat1_img12,a photography of a kitchen with a bowl of pasta and a wooden spoon
cat1_img13,a photography of three girls sitting on a couch
cat1_img14,a photography of candles in a church
cat1_img15,a photography of a book and lamp
cat1_img16,a photography of a backpack on a tree stump
cat1_img17,a photography of a cup of coffee on a stack of books
cat1_img18,a photography of a wall full of old and new items
cat1_img19,a photography of a lamp a pen
cat1_img20,a photography of a sewing machine
cat1_img21,a photography of a table set for a dinner
cat1_img22,a photography of a cat sitting on a chair
cat1_img23,a photography of old radio radios
cat1_img24,a photography of a book held in a tree
cat1_img25,a photography of a dark room with a door open
cat1_img26,a photography of a ukulele
cat1_img27,a photography of a camera on a table in front of a window overlooking the city of Tokyo
cat1_img28,a photography of a person playing a guitar
cat1_img29,a photography of a map compass and other items
cat1_img30,a photography of a basket of yarn and knitting needles
cat1_img31,a photography of a woman painting on a table
cat1_img32,a photography of a table with a candle and a mirror
cat1_img33,a photography of a person writing on a tablet
cat1_img34,a photography of a cook preparing food in a restaurant kitchen
cat1_img35,a photography of a desk with a laptop headphones and a lamp
cat1_img36,a photography of a couple sitting on a mountain
cat1_img37,a photography of a photo album with a pen and a pen
cat1_img38,a photography of a cutting board with fresh herbs and garlic
cat1_img39,a photography of a man pouring water into a glass
cat1_img40,a photography of a woman wrapping a Christmas present
cat1_img41,a photography of a coat rack
cat1_img42,a photography of a New Year's resolutions
cat1_img43,a photography of a flower pot and gardening tools
cat1_img44,a photography of a perfume bottle and flowers
cat1_img45,a photography of a woman painting
cat1_img46,a photography of a woman packing clothes in a suitcase
cat1_img47,a photography of a teddy bear on top of a red Volkswagen Beetle
cat1_img48,a photography of a teacup and a book on a table
cat1_img49,a photography of a pen ink and a candle
cat1_img50,a photography of a spoon in a bowl of powder
cat1_img51,a photography of a cup of hot chocolate with a snowman cookie on top
cat1_img52,a photography of books on a shelf
cat1_img53,a photography of a hand holding a pair of orange dumbbells
cat1_img54,a photography of a person holding a toothbrush
cat1_img55,a photography of a cat and sunflowers
cat1_img56,a photography of a flower arrangement
cat1_img57,a photography of a woman wearing headphones on a train
cat1_img58,a photography of a small boat on a map
cat1_img59,a photography of monkeys on a fence
cat1_img60,a photography of a picnic table on the shore of Lake Champlain
cat1_img61,a photography of a woman's hand reaching out of a car window in the snow
cat1_img62,a photography of a desk with a computer and a stethoscope
cat1_img63,a photography of two candles
cat1_img64,a photography of a camera and other equipment
cat1_img65,a photography of a telephone
cat1_img66,a photography of a broom and a chair
cat1_img67,a photography of a man filming a video
cat1_img68,a photography of a person holding a bag of fruit
cat1_img69,a photography of a person holding a jar of food
cat1_img70,a photography of a boy reading a newspaper
cat1_img71,a photography of two pink teddy bears
cat1_img72,a photography of a green bowl full of dirty laundry
cat1_img73,a photography of a sewing studio
cat1_img74,a photography of a kitchen counter with dishes and cups
cat1_img75,a photography of a pair of earrings
cat1_img76,a photography of a tree with a blanket wrapped around it
cat1_img77,a photography of a woman in yellow raincoats and black boots with her dog
cat1_img78,a photography of a woman sitting on the steps of a house in the old town
cat1_img79,a photography of a bottle on the beach
cat1_img80,a photography of a man playing darts
cat1_img81,a photography of a scooter beside a countryside road
cat1_img82,a photography of a person using a GPS device
cat1_img83,a photography of a game of chess with a cup of tea
cat1_img84,a photography of a clothes rack with clothes on it
cat1_img85,a photography of a book with a magnifying glass
cat1_img86,a photography of a door handle
cat1_img87,a photography of rain on a window
cat1_img88,a photography of a room with a fan and a table with a radio
cat1_img89,a photography of a chalkboard with a chalkboard written on it
cat1_img90,a photography of a paintbrush in a glass with paintbrushes
cat1_img91,a photography of a vinyl record player's turntable
cat1_img92,a photography of a person using a singing bowl
cat1_img93,a photography of a bathroom with a red shutter
cat1_img94,a photography of a bedroom with a bed and a rug
cat1_img95,a photography of a perfume bottle with a candle and a glass
cat1_img96,a photography of a woman looking through a telescope
cat1_img97,a photography of a marble table with a white vase and a bottle of body care products
cat1_img98,a photography of a garden table with gardening tools
cat1_img99,a photography of a person making a puzzle
cat1_img100,a photography of a puppy playing with a toy
cat2_img1,a photography of a beach at sunset
cat2_img2,a photography of the Teton Range in the Teton Range Wilderness Teton Range
cat2_img3,a photography of a rainforest in Costa Rica
cat2_img4,a photography of a cactus against a blue sky
cat2_img5,a photography of a spider web in a field
cat2_img6,a photography of the sunrise over the hills in the San Valley
cat2_img7,a photography of a mountain with flowers in the foreground
cat2_img8,a photography of a path lined with trees
cat2_img9,a photography of a lake at sunset
cat2_img10,a photography of a path in a forest
cat2_img11,a photography of a waterfall in the rainforest
cat2_img12,a photography of a cliff in Bali
cat2_img13,a photography of the Matterhorn
cat2_img14,a photography of the Flatiron building in the fog
cat2_img15,a photography of a forest
cat2_img16,a photography of the Northern Lights over a lake in Norway
cat2_img17,a photography of a desert
cat2_img18,a photography of a small pond in the middle of a grassy meadow
cat2_img19,a photography of a lavender field in Provence France
cat2_img20,a photography of seagulls flying over the water
cat2_img21,a photography of the Grand Canyon in Grand Canyon National Park Utah
cat2_img22,a photography of a lake in the Canadian Rockies
cat2_img23,a photography of a deer in the mist
cat2_img24,a photography of a lighthouse on a rocky shore
cat2_img25,a photography of a ski resort in the mountains
cat2_img26,a photography of a field of wheat
cat2_img27,a photography of a bird flying over a mountain
cat2_img28,a photography of the sun setting over the mountains in the Blue Ridge National Park
cat2_img29,a photography of a beach
cat2_img30,a photography of autumn leaves falling from trees
cat2_img31,a photography of a natural arch in Arches National Park
cat2_img32,a photography of the old stone bridge in the gorge of the river in autumn
cat2_img33,a photography of a snowy scene in the park
cat2_img34,a photography of the Fraser River
cat2_img35,a photography of a path in the mountains
cat2_img36,a photography of a cabin in the snow
cat2_img37,a photography of the sun rays coming through the clouds over the hills
cat2_img38,a photography of horses in a field
cat2_img39,a photography of rice terraces in the rice fields
cat2_img40,a photography of a bride and groom in the redwood forest
cat2_img41,a photography of a vineyard in the Dordogne region of Burgundy France
cat2_img42,a photography of a rainbow in the sky
cat2_img43,a photography of a moon over a lake
cat2_img44,a photography of palm trees blowing in the wind
cat2_img45,a photography of a fisherman in a boat at sunset
cat2_img46,a photography of a snowy night in the park
cat2_img47,a photography of the mountains of the Douro in Portugal
cat2_img48,a photography of a couple dancing around a campfire at sunset
cat2_img49,a photography of a cherry tree lined with pink blossoms
cat2_img50,a photography of a group of people hiking in the mountains
cat2_img51,a photography of camels in the Sahara
cat2_img52,a photography of zebras in the desert
cat2_img53,a photography of a hot air balloon in the sky
cat2_img54,a photography of a river in the Kimberley
cat2_img55,a photography of a park bench in the fog
cat2_img56,a photography of a flock of birds flying in the air
cat2_img57,a photography of a snowy mountain
cat2_img58,a photography of a turtle on the reef
cat2_img59,a photography of lotus flowers in a pond
cat2_img60,a photography of a herd of bison grazing in a field
cat2_img61,a photography of a man diving in a cave
cat2_img62,a photography of a geyser in Yellowstone National Park
cat2_img63,a photography of a sunflower field with a storm in the background
cat2_img64,a photography of a cactus with a pink flower
cat2_img65,a photography of bamboo trees in the forest
cat2_img66,a photography of a frozen lake in Norway
cat2_img67,a photography of a flooded river
cat2_img68,a photography of a puddle with birds flying in it
cat2_img69,a photography of a boat in the water in Halong Bay
cat2_img70,a photography of a tree growing on a rock
cat2_img71,a photography of two swans in a lake
cat2_img72,a photography of a tunnel in Yosemite
cat2_img73,a photography of grass by the water
cat2_img74,a photography of two people kayaking in the Virgin River
cat2_img75,a photography of a fallen tree in a foggy forest
cat2_img76,a photography of a little girl flying a kite
cat2_img77,a photography of a white egret in the reeds
cat2_img78,a photography of a school of fish in the Great Barrier Reef
cat2_img79,a photography of a couple and their dog on the beach
cat2_img80,a photography of a small waterfall in the woods
cat2_img81,a photography of a woman sitting on a boat in a lake
cat2_img82,a photography of a dead tree in the desert
cat2_img83,a photography of a fountain with roses in the background
cat2_img84,a photography of a bench in the garden
cat2_img85,a photography of camels in the desert
cat2_img86,a photography of an elephant in the wild
cat2_img87,a photography of a whale in the ocean
cat2_img88,a photography of a windmill and tulips in Holland
cat2_img89,a photography of a snow-covered tree in the snow
cat2_img90,a photography of a waterfall in the Waihee Falls
cat2_img91,a photography of a goat in a field in the mountains
cat2_img92,a photography of a brown butterfly on a leaf
cat2_img93,a photography of a forest in the fall
cat2_img94,a photography of a field of hay
cat2_img95,a photography of a rock in the forest
cat2_img96,a photography of wind turbines in a field
cat2_img97,a photography of a woman in a lavender field
cat2_img98,a photography of a seagull flying over a rough sea
cat2_img99,a photography of a beach
cat2_img100,a photography of a sea turtle swimming in the ocean
cat3_img1,a photography of a bridge over a river
cat3_img2,a photography of traffic on a busy street
cat3_img3,a photography of a trolley car on a street
cat3_img4,a photography of Toronto at night
cat3_img5,a photography of a street market in Hong Kong
cat3_img6,a photography of a crosswalk in a city
cat3_img7,a photography of a harbor with many boats
cat3_img8,a photography of a city in Mexico
cat3_img9,a photography of the city of Bogota Colombia
cat3_img10,a photography of a street scene at night
cat3_img11,a photography of a street in the old town of Girona
cat3_img12,a photography of people on a subway platform
cat3_img13,a photography of a narrow alley in the old city of Jerusalem
cat3_img14,a photography of a street in a city
cat3_img15,a photography of a marina with boats docked in the harbor
cat3_img16,a photography of a woman walking her dogs
cat3_img17,a photography of a man playing guitar on the street
cat3_img18,a photography of a train on the tracks
cat3_img19,a photography of the city of Bern Switzerland
cat3_img20,a photography of a palm tree-lined sidewalk
cat3_img21,a photography of the Toronto skyline at night
cat3_img22,a photography of a street in Hong Kong at night
cat3_img23,a photography of a busy street with a bus and a bus stop
cat3_img24,a photography of a street scene with a street sign
cat3_img25,a photography of a man painting a mural on a wall in the city of Lisbon
cat3_img26,a photography of a mall with a large bird suspended from the ceiling
cat3_img27,a photography of a rooftop bar with a view of the city
cat3_img28,a photography of a street at night
cat3_img29,a photography of a skate park with palm trees
cat3_img30,a photography of the gardens of the Alcázar Palace in Granada Spain
cat3_img31,a photography of wind turbines on a hill
cat3_img32,a photography of a modern building
cat3_img33,a photography of coin-operated binoculars overlooking the Empire State Building
cat3_img34,a photography of a man sitting on a stage
cat3_img35,a photography of a parking lot with buses
cat3_img36,a photography of surfers on the beach in Surfers Paradise
cat3_img37,a photography of a city
cat3_img38,a photography of a busy Grand Central Station
cat3_img39,a photography of a narrow street in the city of London
cat3_img40,a photography of a water taxi boat in the water
cat3_img41,a photography of a Ferris wheel at night
cat3_img42,a photography of the opening ceremony of the FIFA World Cup at the Maracanã Stadium
cat3_img43,a photography of a library with a round window
cat3_img44,a photography of a person riding a bike along a river
cat3_img45,a photography of a market with people shopping
cat3_img46,a photography of swimmers competing in a swimming race
cat3_img47,a photography of a row of red bikes
cat3_img48,a photography of a white Mustang car
cat3_img49,a photography of a fire station with fire trucks
cat3_img50,a photography of a group of people standing in a circle
cat3_img51,a photography of a crowd of people walking down a street
cat3_img52,a photography of a crowded room with people
cat3_img53,a photography of a man standing in a cemetery
cat3_img54,a photography of a garbage truck with a pile of junk
cat3_img55,a photography of a concert hall with a stage and a large screen
cat3_img56,a photography of a building in the city of Johannesburg South Africa
cat3_img57,a photography of a window display of vintage items
cat3_img58,a photography of a group of people marching down a street holding signs
cat3_img59,a photography of a gas station at sunset
cat3_img60,a photography of a parking area with a car parked
cat3_img61,a photography of a fire hydrant on a city street
cat3_img62,a photography of a police officer directing traffic
cat3_img63,a photography of a manhole on the cobblestones
cat3_img64,a photography of a phone booth on a sidewalk
cat3_img65,a photography of a construction worker walking under a bridge
cat3_img66,a photography of people walking in the rain
cat3_img67,a photography of a man standing in front of a fountain in the city of Riga
cat3_img68,a photography of a train passing under a bridge
cat3_img69,a photography of a street corner with a stop sign
cat3_img70,a photography of a man paddling in a kayak
cat3_img71,a photography of a man running in a race
cat3_img72,a photography of a bus stop in the middle of a street
cat3_img73,a photography of a group of people playing volleyball
cat3_img74,a photography of a skateboarder at a skate park
cat3_img75,a photography of a wall covered with posters
cat3_img76,a photography of a person on a motorcycle on a bridge
cat3_img77,a photography of two women pushing a bicycle with baskets of flowers
cat3_img78,a photography of a street market with a lot of fruit
cat3_img79,a photography of a man walking down an escalator
cat3_img80,a photography of the ferry at the port of Auckland
cat3_img81,a photography of a man juggling in a crowd
cat3_img82,a photography of a man walking past a restaurant
cat3_img83,a photography of a woman riding a bike
cat3_img84,a photography of a man walking through a busy street in a small city
cat3_img85,a photography of a small town on a lake
cat3_img86,a photography of a man walking past a store
cat3_img87,a photography of the skyline of downtown Chicago
cat3_img88,a photography of two skaters in a skating rink
cat3_img89,a photography of a building with a clock on top
cat3_img90,a photography of a market with people shopping
cat3_img91,a photography of a roundabout intersection
cat3_img92,a photography of a parking area with cars parked in it
cat3_img93,a photography of a beach with palm trees and a blue sky
cat3_img94,a photography of a city at night
cat3_img95,a photography of the city of Sarajevo Bosnia
cat3_img96,a photography of a basketball game
cat3_img97,a photography of people on a subway train
cat3_img98,a photography of a canal in Amsterdam
cat3_img99,a photography of a train track in the city
cat3_img100,a photography of people celebrating Holi festival
cat4_img1,a photography of a woman arranging flowers in a park
cat4_img2,a photography of two elderly people walking in a park
cat4_img3,a photography of two chefs preparing food in a kitchen
cat4_img4,a photography of a woman reading a book
cat4_img5,a photography of Buddhist monks in Angkor Wat temple Cambodia
cat4_img6,a photography of a couple painting a wall
cat4_img7,a photography of two students studying in the library
cat4_img8,a photography of workers installing solar panels on a roof
cat4_img9,a photography of a man washing a car in a street
cat4_img10,a photography of a fisherman casting a net at sunset
cat4_img11,a photography of a dog carrying a stick in its mouth
cat4_img12,a photography of a man working on a tire
cat4_img13,a photography of a group of people dancing in a dance hall
cat4_img14,a photography of a couple taking a picture of themselves
cat4_img15,a photography of a woman riding a horse
cat4_img16,a photography of a fire at a home
cat4_img17,a photography of a group of people dancing at a party
cat4_img18,a photography of two little girls brushing their teeth
cat4_img19,a photography of two children playing on the beach
cat4_img20,a photography of a man shaving his beard in a bathroom
cat4_img21,a photography of two boys sitting on a couch watching a movie
cat4_img22,a photography of a church in the city of Kashan Iran
cat4_img23,a photography of a father teaching his daughter how to ride a bike
cat4_img24,a photography of a busy highway with cars and trucks
cat4_img25,a photography of two men working on a construction site
cat4_img26,a photography of a little girl and her mother in the kitchen
cat4_img27,a photography of a man grilling a BBQ
cat4_img28,a photography of a group of people enjoying a meal
cat4_img29,a photography of a group of dancers in a dance studio
cat4_img30,a photography of a family celebrating a birthday
cat4_img31,a photography of a woman working at a sewing studio
cat4_img32,a photography of a family decorating a Christmas tree
cat4_img33,a photography of a young girl reading a book to her younger sister
cat4_img34,a photography of three women sitting on a wall with a statue in the background
cat4_img35,a photography of a little girl reading a book
cat4_img36,a photography of a woman reading a newspaper
cat4_img37,a photography of a man in a tractor
cat4_img38,a photography of a woman planting a tree
cat4_img39,a photography of tea farmers in Sri Lanka
cat4_img40,a photography of a group of men working on a train track
cat4_img41,a photography of a surfer riding a wave
cat4_img42,a photography of people snorkeling in the Great Barrier Reef
cat4_img43,a photography of a construction site with a man in a hard hat
cat4_img44,a photography of a drummer playing the drums
cat4_img45,a photography of two fencing fencers in a gym
cat4_img46,a photography of a group of people in a kitchen
cat4_img47,a photography of a man making a pottery pot
cat4_img48,a photography of a group of people sitting around a table
cat4_img49,a photography of two people practicing karate in a white room
cat4_img50,a photography of two boys working on a robot
cat4_img51,a photography of a man working in his home office
cat4_img52,a photography of five children sitting on a couch
cat4_img53,a photography of a group of people picking trash on the beach
cat4_img54,a photography of people walking in a cave
cat4_img55,a photography of a cross-country race
cat4_img56,a photography of a dog and a man feeding a dog
cat4_img57,a photography of a man feeding pigeons in a park
cat4_img58,a photography of a group of people working in a construction site
cat4_img59,a photography of a person walking in the snow
cat4_img60,a photography of a woman walking down a street
cat4_img61,a photography of a man giving a presentation to a group of people
cat4_img62,a photography of a woman working in a studio
cat4_img63,a photography of a group of people rowing in a lake
cat4_img64,a photography of people playing on the frozen lake
cat4_img65,a photography of a group of children in a lab
cat4_img66,a photography of a woman lighting a candle
cat4_img67,a photography of a woman in a kitchen
cat4_img68,a photography of two young boys picking grapes in a vineyard
cat4_img69,a photography of a man playing a guitar
cat4_img70,a photography of a man in a kitchen
cat4_img71,a photography of a man in a white shirt looking at his reflection in a mirror
cat4_img72,a photography of a choir singing in a church
cat4_img73,a photography of a group of people riding bikes
cat4_img74,a photography of a man ironing a shirt
cat4_img75,a photography of a man standing on a frozen waterfall
cat4_img76,a photography of a man using a cellphone
cat4_img77,a photography of a couple holding up a lantern at night
cat4_img78,a photography of a person standing in the sand
cat4_img79,a photography of a man milking a cow
cat4_img80,a photography of a man working in a garden
cat4_img81,a photography of a man getting his hair cut
cat4_img82,a photography of a woman decorating a cake
cat4_img83,a photography of people swimming in a pool
cat4_img84,a photography of a man working on a piece of wood
cat4_img85,a photography of a man in a yellow vest holding a small pocket watch
cat4_img86,a photography of a woman getting her teeth checked
cat4_img87,a photography of a chef throwing pizza dough
cat4_img88,a photography of a scientist writing on a whiteboard
cat4_img89,a photography of a fighter plane
cat4_img90,a photography of a man reading a book in a library
cat4_img91,a photography of a woman cleaning a car in the snow
cat4_img92,a photography of a laboratory
cat4_img93,a photography of a car in a parking lot
cat4_img94,a photography of a wedding ceremony in the woods
cat4_img95,a photography of a basketball game being played
cat4_img96,a photography of police marching in Delhi
cat4_img97,a photography of a couple shopping in a grocery store
cat4_img98,a photography of two little girls drawing with chalk
cat4_img99,a photography of a choir singing
cat4_img100,a photography of a man working on a roof
cat9_img1,a photography of a basketball player jumping to the basket
cat9_img2,a photography of swimmers in a swimming pool
cat9_img3,a photography of a football player throwing a ball
cat9_img4,a photography of swimmers in a swimming pool
cat9_img5,a photography of a horse race
cat9_img6,a photography of a football player jumping in the air
cat9_img7,a photography of a basketball player shooting a ball
cat9_img8,a photography of a football player throwing a ball
cat9_img9,a photography of a man sailing a sailboat
cat9_img10,a photography of a soccer game
cat9_img11,a photography of a man playing tennis
cat9_img12,a photography of a soccer game
cat9_img13,a photography of a soccer team
cat9_img14,a photography of a coach talking to his children
cat9_img15,a photography of two men playing soccer
cat9_img16,a photography of swimmers in a pool
cat9_img17,a photography of a group of cyclists racing
cat9_img18,a photography of a football game
cat9_img19,a photography of a group of women doing yoga
cat9_img20,a photography of a volleyball match
cat9_img21,a photography of a man walking on a road
cat9_img22,a photography of a woman climbing a rock
cat9_img23,a photography of a woman doing yoga on a rock
cat9_img24,a photography of a motorcycle racing on a track
cat9_img25,a photography of a boxing match
cat9_img26,a photography of a woman jumping over a hurdle
cat9_img27,a photography of a person jumping a bike
cat9_img28,a photography of the new football stadium in the city of Edmonton
cat9_img29,a photography of a boxing match in a large arena
cat9_img30,a photography of a woman running on a treadmill
cat9_img31,a photography of a group of young men in a boxing ring
cat9_img32,a photography of a young boy playing cricket
cat9_img33,a photography of a man climbing a wall
cat9_img34,a photography of a baseball player throwing a ball
cat9_img35,a photography of a basketball game
cat9_img36,a photography of a group of women soccer players
cat9_img37,a photography of a soccer player kicking the ball
cat9_img38,a photography of a man in a swimming pool
cat9_img39,a photography of a group of young people playing soccer
cat9_img40,a photography of a girl playing softball
cat9_img41,a photography of a woman surfing in the ocean
cat9_img42,a photography of a soccer team
cat9_img43,a photography of a snowboarder doing a trick
cat9_img44,a photography of a volleyball team playing a game
cat9_img45,a photography of a man kneeling on a track
cat9_img46,a photography of swimmers
cat9_img47,a photography of a man playing ping-pong
cat9_img48,a photography of a man playing golf
cat9_img49,a photography of a man riding a skateboard down a road
cat9_img50,a photography of a man in a gym
cat9_img51,a photography of a man walking down a dirt road
cat9_img52,a photography of a man playing table tennis
cat9_img53,a photography of a wrestling match
cat9_img54,a photography of a skateboarder doing a trick
cat9_img55,a photography of a beach volleyball match
cat9_img56,a photography of a gymnast doing a trick
cat9_img57,a photography of a skateboarder doing a trick
cat9_img58,a photography of a man playing golf
cat9_img59,a photography of a man working out in a gym
cat9_img60,a photography of a basketball going through a hoop
cat9_img61,a photography of a group of young men playing soccer
cat9_img62,a photography of a person riding a dirt bike
cat9_img63,a photography of a woman doing yoga on the beach
cat9_img64,a photography of a man playing soccer on the beach
cat9_img65,a photography of a soccer game
cat9_img66,a photography of a basketball player in action
cat9_img67,a photography of a soccer player in action
cat9_img68,a photography of a young girl playing soccer
cat9_img69,a photography of a horse racing on a track
cat9_img70,a photography of a boy holding a pair of skis
cat9_img71,a photography of a man falling off a plane
cat9_img72,a photography of a man on a rope
cat9_img73,a photography of a man doing a deadlift exercise
cat9_img74,a photography of a person riding a motorcycle
cat9_img75,a photography of a football player running with the ball
cat9_img76,a photography of a soccer game
cat9_img77,a photography of a rugby game
cat9_img78,a photography of a woman riding a horse
cat9_img79,a photography of a rodeo horse and a rider
cat9_img80,a photography of a woman in the ocean
cat9_img81,a photography of a cowboy falling off a horse
cat9_img82,a photography of a woman wearing boxing gloves
cat9_img83,a photography of a soccer stadium with a huge circle of fans
cat9_img84,a photography of a soccer team
cat9_img85,a photography of a man playing golf
cat9_img86,a photography of a man in a kayak in a river
cat9_img87,a photography of a man riding a bike
cat9_img88,a photography of a baseball player at bat
cat9_img89,a photography of two men playing soccer on a field
cat9_img90,a photography of a football player running with the ball
cat9_img91,a photography of a soccer game with a crowd watching
cat9_img92,a photography of a group of young boys playing soccer
cat9_img93,a photography of a little girl playing with a puzzle
cat9_img94,a photography of a man water skiing
cat9_img95,a photography of a stadium
cat9_img96,a photography of a snowboarder in the air
cat9_img97,a photography of a person skiing down a hill
cat9_img98,a photography of a crowd of runners
cat9_img99,a photography of a woman doing a barbell exercise
cat9_img100,a photography of a soccer player
cat10_img1,a photography of a painting of a blue and green abstract painting
cat10_img2,a photography of a woman sitting in a tree
cat10_img3,a photography of a woman sitting on a bench in front of paintings
cat10_img4,a photography of two red masks in a garden
cat10_img5,a photography of a sculpture of a man wearing a mask
cat10_img6,a photography of a statue in a park
cat10_img7,a photography of a woman with red hair and a white mask
cat10_img8,a photography of a person's hand holding a plastic bag
cat10_img9,a photography of a statue of Pope Pius
cat10_img10,a photography of two dolphins in the water
cat10_img11,a photography of the School of Athens painting
cat10_img12,a photography of a mural on a building in the Bronx neighborhood of Brooklyn
cat10_img13,a photography of a hand holding an ice cream cone
cat10_img14,a photography of two people in traditional costumes
cat10_img15,a photography of a bust of a woman with a yellow plastic bag on her head
cat10_img16,a photography of a bird painted on a wall
cat10_img17,a photography of a painting of a man
cat10_img18,a photography of a stained glass window of the Nativity scene
cat10_img19,a photography of a painting
cat10_img20,a photography of a woman standing in front of a statue
cat10_img21,a photography of a hand holding a pen and drawing a flower design
cat10_img22,a photography of a watercolor painting of a beach
cat10_img23,a photography of a statue of a horse
cat10_img24,a photography of a small tool on a bright orange background
cat10_img25,a photography of a spiral staircase
cat10_img26,a photography of a man wearing a mask
cat10_img27,a photography of raindrops on a window
cat10_img28,a photography of a man with glasses on a wall
cat10_img29,a photography of a painting of a group of people
cat10_img30,a photography of a dog on a wall
cat10_img31,a photography of a Buddha statue in a park
cat10_img32,a photography of a statue of a man with a bird on his head
cat10_img33,a photography of a statue of a man with a monkey on his shoulder
cat10_img34,a photography of a pile of white masks
cat10_img35,a photography of a couple standing on a statue
cat10_img36,a photography of a statue of a man
cat10_img37,a photography of a statue of a man holding a book
cat10_img38,a photography of a toy figure on a blue background
cat10_img39,a photography of a woman walking under a bridge
cat10_img40,a photography of a sculpture of a lion wearing a mask
cat10_img41,a photography of the columns of the Temple of Karnak
cat10_img42,a photography of a woman holding a baby
cat10_img43,a photography of a red and blue abstract painting
cat10_img44,a photography of a horse with paint splattered on it
cat10_img45,a photography of a man on a shelf
cat10_img46,a photography of a white sculpture of a dog
cat10_img47,a photography of a woman looking at a painting
cat10_img48,a photography of three ceramic rings on a white surface
cat10_img49,a photography of a woman standing in front of a wall with a row of heads
cat10_img50,a photography of a glass sculpture on display
cat10_img51,a photography of a pair of hands on a red background
cat10_img52,a photography of a sculpture in a park
cat10_img53,a photography of a colorfully painted elephant
cat10_img54,a photography of a path in the woods
cat10_img55,a photography of hands of people covered in white paint
cat10_img56,a photography of green paint
cat10_img57,a photography of a face on a wall
cat10_img58,a photography of a sculpture of a woman
cat10_img59,a photography of abstract art
cat10_img60,a photography of a statue of Jesus
cat10_img61,a photography of a stained glass window on a building
cat10_img62,a photography of a staircase in a house
cat10_img63,a photography of a black and white pattern
cat10_img64,a photography of colorful textiles
cat10_img65,a photography of a statue of a man and a woman
cat10_img66,a photography of a black and white photo of masks
cat10_img67,a photography of a white statue of a woman
cat10_img68,a photography of a room with marble statues
cat10_img69,a photography of a woman with powder on her hands
cat10_img70,a photography of a woman standing in front of a rainbow-colored wall
cat10_img71,a photography of a sculpture on the beach
cat10_img72,a photography of a colorful mural on a building
cat10_img73,a photography of a wall with hearts painted on it
cat10_img74,a photography of a man painting a wall
cat10_img75,a photography of a coffee cup on a table
cat10_img76,a photography of a young girl with face paint
cat10_img77,a photography of a neon-lit room
cat10_img78,a photography of a large building with a large mural on it
cat10_img79,a photography of a cat with blue and yellow paint on its face
cat10_img80,a photography of a painting on an easel
cat10_img81,a photography of a wooden carving of a man
cat10_img82,a photography of a woman sitting on a chair
cat10_img83,a photography of a flower arrangement and a statue
cat10_img84,a photography of a circular stained glass window
cat10_img85,a photography of a colorful abstract background
cat10_img86,a photography of a sticker of a comic book
cat10_img87,a photography of a clock on a black background
cat10_img88,a photography of a palette of paint
cat10_img89,a photography of a person holding a fire
cat10_img90,a photography of a skyscraper building in the snow
cat10_img91,a photography of a man with a black face and gold paint on his face
cat10_img92,a photography of balloons floating in the air
cat10_img93,a photography of a person's eye through a hole in a wooden wall
cat10_img94,a photography of a man in a colorful suit
cat10_img95,a photography of a ceiling light
cat10_img96,a photography of a woman with purple smoke
cat10_img97,a photography of a flower arrangement on a wooden table
cat10_img98,a photography of origami paper boats
cat10_img99,a photography of a spiral staircase
cat10_img100,a photography of a paper crane hanging from a string