cat1_img1,1
cat1_img2,2
cat1_img3,3
cat1_img4,4
cat1_img5,5
cat1_img6,6
cat1_img7,7
cat1_img8,8
cat1_img9,9
cat1_img10,10
cat1_img11,11
cat1_img12,12
cat1_img13,13
cat1_img14,14
cat1_img15,15
cat1_img16,16
cat1_img17,17
cat1_img18,18
cat1_img19,19
cat1_img20,20
cat1_img21,21
cat1_img22,22
cat1_img23,23
cat1_img24,24
cat1_img25,25
cat1_img26,26
cat1_img27,27
cat1_img28,28
cat1_img29,29
cat1_img30,30
cat1_img31,31
cat1_img32,32
cat1_img33,33
cat1_img34,34
cat1_img35,35
cat1_img36,36
cat1_img37,37
cat1_img38,38
cat1_img39,39
cat1_img40,40
cat1_img41,41
cat1_img42,42
cat1_img43,43
cat1_img44,44
cat1_img45,45
cat1_img46,46
cat1_img47,47
cat1_img48,48
cat1_img49,49
cat1_img50,50
cat1_img51,51
cat1_img52,52
cat1_img53,53
cat1_img54,54
cat1_img55,55
cat1_img56,56
cat1_img57,57
cat1_img58,58
cat1_img59,59
cat1_img60,60
cat1_img61,61
cat1_img62,62
cat1_img63,63
cat1_img64,64
cat1_img65,65
cat1_img66,66
cat1_img67,67
cat1_img68,68
cat1_img69,69
cat1_img70,70
cat1_img71,71
cat1_img72,72
cat1_img73,73
cat1_img74,74
cat1_img75,75
cat1_img76,76
cat1_img77,77
cat1_img78,78
cat1_img79,79
cat1_img80,80
cat1_img81,81
cat1_img82,82
cat1_img83,83
cat1_img84,84
cat1_img85,85
cat1_img86,86
cat1_img87,87
cat1_img88,88
cat1_img89,89
cat1_img90,90
cat1_img91,91
cat1_img92,92
cat1_img93,93
cat1_img94,94
cat1_img95,95
cat1_img96,96
cat1_img97,97
cat1_img98,98
cat1_img99,99
cat1_img100,100
cat2_img1,101
cat2_img2,102
cat2_img3,103
cat2_img4,104
cat2_img5,105
cat2_img6,106
cat2_img7,107
cat2_img8,108
cat2_img9,109
cat2_img10,110
cat2_img11,111
cat2_img12,112
cat2_img13,113
cat2_img14,114
cat2_img15,115
cat2_img16,116
cat2_img17,117
cat2_img18,118
cat2_img19,119
cat2_img20,120
cat2_img21,121
cat2_img22,122
cat2_img23,123
cat2_img24,124
cat2_img25,125
cat2_img26,126
cat2_img27,127
cat2_img28,128
cat2_img29,129
cat2_img30,130
cat2_img31,131
cat2_img32,132
cat2_img33,133
cat2_img34,134
cat2_img35,135
cat2_img36,136
cat2_img37,137
cat2_img38,138
cat2_img39,139
cat2_img40,140
cat2_img41,141
cat2_img42,142
cat2_img43,143
cat2_img44,144
cat2_img45,145
cat2_img46,146
cat2_img47,147
cat2_img48,148
cat2_img49,149
cat2_img50,150
cat2_img51,151
cat2_img52,152
cat2_img53,153
cat2_img54,154
cat2_img55,155
cat2_img56,156
cat2_img57,157
cat2_img58,158
cat2_img59,159
cat2_img60,160
cat2_img61,161
cat2_img62,162
cat2_img63,163
cat2_img64,164
cat2_img65,165
cat2_img66,166
cat2_img67,167
cat2_img68,168
cat2_img69,169
cat2_img70,170
cat2_img71,171
cat2_img72,172
cat2_img73,173
cat2_img74,174
cat2_img75,175
cat2_img76,176
cat2_img77,177
cat2_img78,178
cat2_img79,179
cat2_img80,180
cat2_img81,181
cat2_img82,182
cat2_img83,183
cat2_img84,184
cat2_img85,185
cat2_img86,186
cat2_img87,187
cat2_img88,188
cat2_img89,189
cat2_img90,190
cat2_img91,191
cat2_img92,192
cat2_img93,193
cat2_img94,194
cat2_img95,195
cat2_img96,196
cat2_img97,197
cat2_img98,198
cat2_img99,199
cat2_img100,200
cat3_img1,201
cat3_img2,202
cat3_img3,203
cat3_img4,204
cat3_img5,205
cat3_img6,206
cat3_img7,207
cat3_img8,208
cat3_img9,209
cat3_img10,210
cat3_img11,211
cat3_img12,212
cat3_img13,213
cat3_img14,214
cat3_img15,215
cat3_img16,216
cat3_img17,217
cat3_img18,218
cat3_img19,219
cat3_img20,220
cat3_img21,221
cat3_img22,222
cat3_img23,223
cat3_img24,224
cat3_img25,225
cat3_img26,226
cat3_img27,227
cat3_img28,228
cat3_img29,229
cat3_img30,230
cat3_img31,231
cat3_img32,232
cat3_img33,233
cat3_img34,234
cat3_img35,235
cat3_img36,236
cat3_img37,237
cat3_img38,238
cat3_img39,239
cat3_img40,240
cat3_img41,241
cat3_img42,242
cat3_img43,243
cat3_img44,244
cat3_img45,245
cat3_img46,246
cat3_img47,247
cat3_img48,248
cat3_img49,249
cat3_img50,250
cat3_img51,251
cat3_img52,252
cat3_img53,253
cat3_img54,254
cat3_img55,255
cat3_img56,256
cat3_img57,257
cat3_img58,258
cat3_img59,259
cat3_img60,260
cat3_img61,261
cat3_img62,262
cat3_img63,263
cat3_img64,264
cat3_img65,265
cat3_img66,266
cat3_img67,267
cat3_img68,268
cat3_img69,269
cat3_img70,270
cat3_img71,271
cat3_img72,272
cat3_img73,273
cat3_img74,274
cat3_img75,275
cat3_img76,276
cat3_img77,277
cat3_img78,278
cat3_img79,279
cat3_img80,280
cat3_img81,281
cat3_img82,282
cat3_img83,283
cat3_img84,284
cat3_img85,285
cat3_img86,286
cat3_img87,287
cat3_img88,288
cat3_img89,289
cat3_img90,290
cat3_img91,291
cat3_img92,292
cat3_img93,293
cat3_img94,294
cat3_img95,295
cat3_img96,296
cat3_img97,297
cat3_img98,298
cat3_img99,299
cat3_img100,300
cat4_img1,301
cat4_img2,302
cat4_img3,303
cat4_img4,304
cat4_img5,305
cat4_img6,306
cat4_img7,307
cat4_img8,308
cat4_img9,309
cat4_img10,310
cat4_img11,311
cat4_img12,312
cat4_img13,313
cat4_img14,314
cat4_img15,315
cat4_img16,316
cat4_img17,317
cat4_img18,318
cat4_img19,319
cat4_img20,320
cat4_img21,321
cat4_img22,322
cat4_img23,323
cat4_img24,324
cat4_img25,325
cat4_img26,326
cat4_img27,327
cat4_img28,328
cat4_img29,329
cat4_img30,330
cat4_img31,331
cat4_img32,332
cat4_img33,333
cat4_img34,334
cat4_img35,335
cat4_img36,336
cat4_img37,337
cat4_img38,338
cat4_img39,339
cat4_img40,340
cat4_img41,341
cat4_img42,342
cat4_img43,343
cat4_img44,344
cat4_img45,345
cat4_img46,346
cat4_img47,347
cat4_img48,348
cat4_img49,349
cat4_img50,350
cat4_img51,351
cat4_img52,352
cat4_img53,353
cat4_img54,354
cat4_img55,355
cat4_img56,356
cat4_img57,357
cat4_img58,358
cat4_img59,359
cat4_img60,360
cat4_img61,361
cat4_img62,362
cat4_img63,363
cat4_img64,364
cat4_img65,365
cat4_img66,366
cat4_img67,367
cat4_img68,368
cat4_img69,369
cat4_img70,370
cat4_img71,371
cat4_img72,372
cat4_img73,373
cat4_img74,374
cat4_img75,375
cat4_img76,376
cat4_img77,377
cat4_img78,378
cat4_img79,379
cat4_img80,380
cat4_img81,381
cat4_img82,382
cat4_img83,383
cat4_img84,384
cat4_img85,385
cat4_img86,386
cat4_img87,387
cat4_img88,388
cat4_img89,389
cat4_img90,390
cat4_img91,391
cat4_img92,392
cat4_img93,393
cat4_img94,394
cat4_img95,395
cat4_img96,396
cat4_img97,397
cat4_img98,398
cat4_img99,399
cat4_img100,400
cat9_img1,401
cat9_img2,402
cat9_img3,403
cat9_img4,404
cat9_img5,405
cat9_img6,406
cat9_img7,407
cat9_img8,408
cat9_img9,409
cat9_img10,410
cat9_img11,411
cat9_img12,412
cat9_img13,413
cat9_img14,414
cat9_img15,415
cat9_img16,416
cat9_img17,417
cat9_img18,418
cat9_img19,419
cat9_img20,420
cat9_img21,421
cat9_img22,422
cat9_img23,423
cat9_img24,424
cat9_img25,425
cat9_img26,426
cat9_img27,427
cat9_img28,428
cat9_img29,429
cat9_img30,430
cat9_img31,431
cat9_img32,432
cat9_img33,433
cat9_img34,434
cat9_img35,435
cat9_img36,436
cat9_img37,437
cat9_img38,438
cat9_img39,439
cat9_img40,440
cat9_img41,441
cat9_img42,442
cat9_img43,443
cat9_img44,444
cat9_img45,445
cat9_img46,446
cat9_img47,447
cat9_img48,448
cat9_img49,449
cat9_img50,450
cat9_img51,451
cat9_img52,452
cat9_img53,453
cat9_img54,454
cat9_img55,455
cat9_img56,456
cat9_img57,457
cat9_img58,458
cat9_img59,459
cat9_img60,460
cat9_img61,461
cat9_img62,462
cat9_img63,463
cat9_img64,464
cat9_img65,465
cat9_img66,466
cat9_img67,467
cat9_img68,468
cat9_img69,469
cat9_img70,470
cat9_img71,471
cat9_img72,472
cat9_img73,473
cat9_img74,474
cat9_img75,475
cat9_img76,476
cat9_img77,477
cat9_img78,478
cat9_img79,479
cat9_img80,480
cat9_img81,481
cat9_img82,482
cat9_img83,483
cat9_img84,484
cat9_img85,485
cat9_img86,486
cat9_img87,487
cat9_img88,488
cat9_img89,489
cat9_img90,490
cat9_img91,491
cat9_img92,492
cat9_img93,493
cat9_img94,494
cat9_img95,495
cat9_img96,496
cat9_img97,497
cat9_img98,498
cat9_img99,499
cat9_img100,500
cat10_img1,501
cat10_img2,502
cat10_img3,503
cat10_img4,504
cat10_img5,505
cat10_img6,506
cat10_img7,507
cat10_img8,508
cat10_img9,509
cat10_img10,510
cat10_img11,511
cat10_img12,512
cat10_img13,513
cat10_img14,514
cat10_img15,515
cat10_img16,516
cat10_img17,517
cat10_img18,518
cat10_img19,519
cat10_img20,520
cat10_img21,521
cat10_img22,522
cat10_img23,523
cat10_img24,524
cat10_img25,525
cat10_img26,526
cat10_img27,527
cat10_img28,528
cat10_img29,529
cat10_img30,530
cat10_img31,531
cat10_img32,532
cat10_img33,533
cat10_img34,534
cat10_img35,535
cat10_img36,536
cat10_img37,537
cat10_img38,538
cat10_img39,539
cat10_img40,540
cat10_img41,541
cat10_img42,542
cat10_img43,543
cat10_img44,544
cat10_img45,545
cat10_img46,546
cat10_img47,547
cat10_img48,548
cat10_img49,549
cat10_img50,550
cat10_img51,551
cat10_img52,552
cat10_img53,553
cat10_img54,554
cat10_img55,555
cat10_img56,556
cat10_img57,557
cat10_img58,558
cat10_img59,559
cat10_img60,560
cat10_img61,561
cat10_img62,562
cat10_img63,563
cat10_img64,564
cat10_img65,565
cat10_img66,566
cat10_img67,567
cat10_img68,568
cat10_img69,569
cat10_img70,570
cat10_img71,571
cat10_img72,572
cat10_img73,573
cat10_img74,574
cat10_img75,575
cat10_img76,576
cat10_img77,577
cat10_img78,578
cat10_img79,579
cat10_img80,580
cat10_img81,581
cat10_img82,582
cat10_img83,583
cat10_img84,584
cat10_img85,585
cat10_img86,586
cat10_img87,587
cat10_img88,588
cat10_img89,589
cat10_img90,590
cat10_img91,591
cat10_img92,592
cat10_img93,593
cat10_img94,594
cat10_img95,595
cat10_img96,596
cat10_img97,597
cat10_img98,598
cat10_img99,599
cat10_img100,600